hyperparameter_setting_id,bits,Full precision,Post minmaxQ,Post quantileQ,Pre minmaxQ,Pre quantileQ,SoftQ,HardQ,Bitwise softQ,Bitwise hardQ,dataset
0,2,0.537089383060282,1.8748599941080264,0.6842394389889457,0.6388555819338019,0.5901664143258875,0.5402195941318165,0.5393444380976937,0.5904157242991708,0.5905869386412881,wine
0,3,0.5373635400425304,1.024516598744826,0.5938951373100281,0.5932089767672799,0.5360615009611304,0.5371902747587725,0.5373114239085804,0.5489042970267209,0.5573451925407756,wine
0,4,0.5469356937841936,0.6763694340532477,0.5789135288108479,0.5815423618663441,0.5397423763166774,0.524971834637902,0.5273843109607697,0.5412465049461885,0.5468640368093144,wine
0,5,0.5086744129657745,0.5440872176127001,0.5309720229018818,0.5113906968723644,0.4834855632348494,0.5200456787239421,0.5200456787239421,0.4513761699199676,0.4513686163858934,wine
0,6,0.5124593458392404,0.5102670599113811,0.4962144033475356,0.5318733860145916,0.5185804041949186,0.5211047746918418,0.5212445530024442,0.4958156211809678,0.4957993464036421,wine
0,7,0.4995754063129425,0.494886885989796,0.4860019223256545,0.5217828344215046,0.5031604116613214,0.5098180933432146,0.5098785893483595,0.5173452035947279,0.517315233295614,wine
0,8,0.4951075870882381,0.4893805831670761,0.4987830357118086,0.4978487329049544,0.4987725886431607,0.5084828233177011,0.5107747736302289,0.5248740410262888,0.5246348719705235,wine
1,2,0.5650522844357924,1.9857595292004673,0.7079976607452739,0.6447741660204801,0.5903197960420088,0.5482252477244898,0.5556303885850039,0.6157687089659951,0.6333035149357535,wine
1,3,0.5477646643465216,0.7247900041666898,0.5814773386174982,0.5776976184411482,0.5266705561767925,0.562087828462774,0.5622386688535864,0.5477515431967649,0.5532342222603884,wine
1,4,0.5237592187794772,0.6330031048167836,0.568724586205049,0.538582291115414,0.5553510920567946,0.5644385570829565,0.5644489580934698,0.5716836079955101,0.571562951261347,wine
1,5,0.5072190355170857,0.5436372106725519,0.5469359863888134,0.5149860084056854,0.576199704950506,0.5310392731970007,0.5309686471115459,0.554875292561271,0.555280165238814,wine
1,6,0.5093485577539965,0.5434901741417971,0.5099102773449637,0.5379320654002103,0.5493113886226307,0.5806430171836506,0.580126705494794,0.5775076625022021,0.57742770828984,wine
1,7,0.5271259857849642,0.536105215549469,0.5321438014507294,0.5352308668873527,0.5410252213478088,0.5390440713275563,0.5397068776867606,0.568962880156257,0.5690029588612643,wine
1,8,0.5105094598098234,0.5148614157329906,0.522381530566649,0.519810909574682,0.5273521190339868,0.513443488966335,0.5131655606356534,0.5783400969071821,0.5783358893611215,wine
2,2,0.5359246351502158,2.171197685328397,0.6615266854112799,0.6432275419885461,0.5322443382306532,0.5350413891402158,0.5350413891402158,0.5777582797137174,0.5777582797137174,wine
2,3,0.5167627578431909,1.2480712858113376,0.6177719127048146,0.5778375389901075,0.5658440129323439,0.5497527474706824,0.549834134903821,0.5043685747818514,0.5041738030585375,wine
2,4,0.5278259922157634,0.5962828126820651,0.5558505058288574,0.5199167349121787,0.5192808427593925,0.5335379188710992,0.5342503704807975,0.5650764893401753,0.5668211877346039,wine
2,5,0.4946097054264762,0.5558041361245242,0.5018718540668488,0.5039302178404548,0.5018064921552484,0.539270739663731,0.5391367104920474,0.4591864929957823,0.4591620550914244,wine
2,6,0.5360784855755892,0.5566428114067424,0.5444320196455176,0.5584188970652494,0.5565802129832181,0.5138220543211157,0.5138225392861799,0.5134174444458701,0.513422963294116,wine
2,7,0.5464371361515739,0.5493734140287746,0.5487268539992246,0.5559072196483612,0.538476128469814,0.5843861075964841,0.5843883969567039,0.5458557768301531,0.5458213605663993,wine
2,8,0.5284155823967673,0.5288444337519732,0.5381607941605828,0.5092885263941505,0.5543931126594543,0.517657223072919,0.5176611055027355,0.5622055476362054,0.5622135156934912,wine
3,2,0.501597145741636,1.6515957117080688,0.6144784526391462,0.651398016647859,0.5582874119281769,0.5359613109718669,0.5359639119018208,0.5519195876338265,0.5519048111005262,wine
3,3,0.5161158523776315,1.068210851062428,0.5918206762183796,0.6260547827590596,0.5383753180503845,0.5411550063978542,0.5470969582145865,0.5219295702197335,0.5206872116435658,wine
3,4,0.4979116808284413,0.5268895951184359,0.5242012332786213,0.5810004743662748,0.5154727507721294,0.5237363685261119,0.5239448764107444,0.522402126680721,0.5189592838287354,wine
3,5,0.490430010990663,0.5457827638496052,0.4903411675583232,0.5409250151027333,0.5274453434077176,0.505401920188557,0.504145242951133,0.4963563640009273,0.4990118728442625,wine
3,6,0.5423749956217679,0.5573465797034177,0.5431450253183191,0.5588258450681513,0.5415710319172252,0.5028697739947926,0.5028696439482949,0.5412292751398954,0.5412779667160728,wine
3,7,0.5257771448655562,0.5108550136739557,0.5266842544078827,0.5059179230169817,0.503771570595828,0.5088682012124495,0.5091759223829616,0.525671739469875,0.5260199362581427,wine
3,8,0.5156545395200903,0.5218742503361269,0.5187565156004645,0.5239228145642714,0.5224880603226748,0.5510997718030756,0.5513377731496637,0.5967617522586476,0.5966664166613058,wine
4,2,0.5181305029175498,1.7098429203033447,0.786390093239871,0.6566790830005299,0.6002119373191487,0.5867813635956157,0.5867813635956157,0.5585522082718936,0.5585520457137715,wine
4,3,0.5368371362035925,1.0025117722424597,0.5911395739425312,0.5840326710180803,0.5352047275413166,0.5465421188961376,0.5465421839193865,0.5277035879817876,0.5277035879817876,wine
4,4,0.5227882726625963,0.5428671593015845,0.5221768129955638,0.5427675220099363,0.504495691169392,0.5093325105580416,0.5093333910812031,0.5088066946376454,0.5088066865097393,wine
4,5,0.5315486951307817,0.5765134638006036,0.5374832207506354,0.5028465173461221,0.5271806473081763,0.522990576245568,0.522990654815327,0.491594371470538,0.491592832586982,wine
4,6,0.5343041474168951,0.5465018451213837,0.5429186550053683,0.5406243042512373,0.467071304267103,0.5521202927285974,0.5521196858449415,0.4894269908016378,0.4894791855053468,wine
4,7,0.5119061063636433,0.512349852106788,0.5152980007908561,0.5247120911424811,0.492324869741093,0.5359760847958651,0.5359209206971255,0.5749029110778462,0.5749225860292261,wine
4,8,0.5818438096479936,0.5845074084672061,0.5878471650860526,0.6039436811750586,0.5681727040897716,0.6016575260595842,0.6016633835705844,0.5768093304200606,0.5768251581625505,wine
5,2,0.5542235564101826,2.113857952031222,0.7537891322916205,0.6532431867989626,0.5565345991741527,0.5646036998792128,0.5721517611633647,0.6297674829309637,0.6446370699188926,wine
5,3,0.5125424699349836,0.7876946167512373,0.5419327020645142,0.5753743824633685,0.5152379653670571,0.5054891949350183,0.5052454281936992,0.4953673996708609,0.494217956607992,wine
5,4,0.5352090515873649,0.6467249203811992,0.5583393587307497,0.5361977815628052,0.5144592049446973,0.5162983997301622,0.5166968947107141,0.5119227143851194,0.5155844525857405,wine
5,5,0.5335490920326926,0.5604120872237466,0.5440229990265586,0.5064128705046393,0.5545129505070773,0.5377582311630249,0.5376413898034529,0.6055432774803855,0.605549541386691,wine
5,6,0.5306255085901781,0.546003211628307,0.5343961173837836,0.5710479319095612,0.5487041933970018,0.5048975213007494,0.5048992823470723,0.5242366384376179,0.5241144773634997,wine
5,7,0.5221578831022436,0.5043758330020037,0.5123513246124441,0.4846416711807251,0.4933479726314544,0.5295881737362255,0.5295427306131884,0.5647685148499229,0.5646465231071819,wine
5,8,0.5507852082902734,0.546130892905322,0.5339750403707678,0.4963646666570143,0.5521085126833483,0.5073351643302224,0.5073375891555439,0.5428549538959156,0.5428979884494435,wine
6,2,0.5362482802434401,1.649079908024181,0.7383616512471979,0.6543825946070931,0.5664123107086528,0.5939105640758168,0.5924710333347321,0.5690060908144171,0.5688114762306213,wine
6,3,0.5343206958337263,0.9948550137606534,0.605724573135376,0.6050837527621876,0.5250390063632618,0.551292357119647,0.5513397644866597,0.5134104165163907,0.5122862674973228,wine
6,4,0.5556007596579465,0.7394469190727581,0.5816758952357552,0.6212030974301425,0.5486790862950411,0.5561104281382128,0.5561105039986697,0.5331453680992126,0.5331453179771249,wine
6,5,0.5265787596052344,0.5429318384690718,0.5308575928211212,0.4825227856636047,0.5163209980184381,0.5217377516356382,0.5216722163287076,0.4467870471152392,0.4467857805165378,wine
6,6,0.5238111019134521,0.5296459116718986,0.5342768186872656,0.5112151205539703,0.5107594132423401,0.5078885311430151,0.5078760575164448,0.528161846101284,0.5281913849440488,wine
6,7,0.5171011252836748,0.5156217840584841,0.5109216191551902,0.5187188441103155,0.500287955457514,0.5079049657691609,0.5077933940020475,0.5217689221555536,0.521715990521691,wine
6,8,0.5505225685509768,0.5249379737810655,0.5181419713930651,0.5398451794277538,0.5139691802588376,0.555294082923369,0.5560287562283602,0.5336394255811517,0.5336459875106812,wine
7,2,0.5380051759156314,1.8773478377949109,0.7014771022579886,0.6416172656145963,0.5718540251255035,0.5520237982273102,0.5520238686691631,0.5932204940102317,0.5938100652261213,wine
7,3,0.5100007558410818,1.174398405985399,0.5869481590661135,0.5640702789480035,0.5304827012799003,0.5241653268987482,0.52425356073813,0.5761618722568859,0.5850548093969171,wine
7,4,0.5283570235425775,0.6827153319662268,0.5518881759860299,0.5566344694657759,0.5392606529322538,0.534824934872714,0.534824934872714,0.5083801394159143,0.508483889428052,wine
7,5,0.5048282281918959,0.5257298404520209,0.5262684036384929,0.4738006496971303,0.5158359421925112,0.5246831341223284,0.5246860953894529,0.4682891125028783,0.4685638682408766,wine
7,6,0.516806648536162,0.5261339518156919,0.5056987540288405,0.5071015412157233,0.5536580302498557,0.5376300865953619,0.537630864165046,0.676897712729194,0.6769254045052961,wine
7,7,0.5121314186941494,0.5073613754727624,0.5192537510936911,0.5081650181250139,0.5134021043777466,0.5444765334779565,0.5438979213887994,0.4956916313279759,0.4960472556677731,wine
7,8,0.5497740073637529,0.5494351251558824,0.5460200689055703,0.5097530348734423,0.5616762191057205,0.6143029738556255,0.614467669617046,0.5878591131080281,0.5878083651716058,wine
8,2,0.5213422314687208,0.9055997187441046,0.5405006164854224,0.6381756527857347,0.5483838780359789,0.5680418041619387,0.5680417608131062,0.5422996472228657,0.5423036976294084,wine
8,3,0.5245565717870538,1.2013851675120266,0.6155748909169977,0.5869064439426769,0.5288706042549827,0.5328053290193732,0.5359810915860262,0.5569466894323175,0.568744414231994,wine
8,4,0.5117668319832195,0.6155124469236894,0.5299859995191748,0.6076373295350508,0.54697401415218,0.5579832142049616,0.5595652000470595,0.5543454032052647,0.5693053562532772,wine
8,5,0.5058724202892997,0.5200079462744973,0.5349124615842645,0.565800972960212,0.5029062276536768,0.5300148129463196,0.5298256332224066,0.5193927857008848,0.5195946923711083,wine
8,6,0.4793603501536629,0.501083021814173,0.4847525439479134,0.507405321706425,0.515524379231713,0.4852234382521022,0.4851780764081261,0.5359594171697443,0.536049794067036,wine
8,7,0.5026922253045168,0.4978120245716788,0.4977496916597539,0.5191069394350052,0.5572017512538217,0.5322741351344369,0.5322831977497448,0.5471262715079568,0.5471194359389219,wine
8,8,0.4916875836524096,0.5001867887648669,0.5035510063171387,0.5226820111274719,0.4983514980836348,0.5287907259030775,0.5288332158868964,0.5477973412383687,0.5477664822881873,wine
9,2,0.5434572046453302,0.9588472788984124,0.6125135503031991,0.6722954240712252,0.5284147343852303,0.5526270243254575,0.552589172666723,0.6125780669125643,0.6168076666918668,wine
9,3,0.5585979439995505,0.9687559442086652,0.6653909087181091,0.6083618104457855,0.58415933359753,0.5641416392543099,0.5641023001887582,0.5304213979027488,0.5303928039290688,wine
9,4,0.5296910161321814,0.6957170854915272,0.557321469892155,0.6208298964933916,0.5660698955709283,0.5687996718016538,0.5688473609360781,0.6107990768822756,0.6116295551711862,wine
9,5,0.5021701482209292,0.5141380727291107,0.5115121873942289,0.5540612502531572,0.5238572006875818,0.5130038044669412,0.5130038044669412,0.5313549854538657,0.5313540642911737,wine
9,6,0.5266846418380737,0.5400501191616058,0.5321965000846169,0.5445262545889075,0.5714019699530168,0.5808071006428112,0.5808103111657229,0.5719492679292505,0.5722089843316511,wine
9,7,0.5487909682772376,0.5550918277691711,0.5618518563834104,0.545876757665114,0.5570201684128154,0.514045850797133,0.5140335722403093,0.5431325408545408,0.543136025016958,wine
9,8,0.5282173590226606,0.5290414799343456,0.5219776562669061,0.5114252242175016,0.5454219037836249,0.5551082329316572,0.5551075989549811,0.5624004602432251,0.5623837140473452,wine
10,2,0.5173324021426114,1.6385635733604431,0.7551712935621088,0.645500968803059,0.5972379879517988,0.5897773693908345,0.5897773422978141,0.5716925696893171,0.5716925696893171,wine
10,3,0.4851188524202867,1.0166382085193286,0.5419367172501304,0.5501988956874068,0.5558194382624193,0.5275449508970435,0.5275449508970435,0.5125898366624658,0.5125903676856648,wine
10,4,0.5169839425520464,0.6238741305741397,0.549462147734382,0.5141393677754835,0.539830665696751,0.5112682201645591,0.5112646682695909,0.4890545579520138,0.4890524230220101,wine
10,5,0.5293743935498324,0.5540906109593131,0.5289690386165272,0.5290931219404394,0.5345287173986435,0.5166474120183424,0.5166482166810469,0.5866973914883353,0.5867075296965513,wine
10,6,0.539450466632843,0.5504041666334326,0.5643306970596313,0.5241621326316487,0.5647395659576763,0.5445493459701538,0.5446353527632627,0.5467430732466958,0.5465269603512504,wine
10,7,0.5212613940238953,0.5086506767706438,0.4966245483268391,0.5012780685316433,0.5308886481957003,0.5118513351136987,0.5119407393715598,0.5241122923114083,0.5242760235613043,wine
10,8,0.5126619935035706,0.5157853283665397,0.5244541114026849,0.538175490769473,0.5287120152603496,0.532404055649584,0.5323922119357369,0.5381799936294556,0.5381760976531289,wine
11,2,0.5271222835237329,2.229458971457048,0.7386027086864818,0.6444989578290419,0.6061774925752119,0.576555302197283,0.5765552967786789,0.5893591506914659,0.5895311832427979,wine
11,3,0.524502076885917,0.8389425006779757,0.5420222417874769,0.6022028489546343,0.5153216475790198,0.5384412922642448,0.5377175807952881,0.4853226325728677,0.4884605868296189,wine
11,4,0.5187177116220648,0.5811492854898627,0.5246508907188069,0.5501063845374368,0.5398086309432983,0.5489838204600594,0.5492189905860207,0.5318076041611758,0.5334880934520201,wine
11,5,0.5519380081783641,0.5582636052911932,0.5565717084841295,0.5320494852282784,0.4921911087903109,0.564036800102754,0.5640259791504253,0.5269060890105638,0.5269060781733557,wine
11,6,0.5352128175171939,0.5482231188904155,0.5359616008671847,0.5482398393479261,0.5638260462067344,0.5737859335812655,0.573771671815352,0.5540676550431685,0.5540460348129272,wine
11,7,0.4857721193270249,0.480036661028862,0.4836766205050729,0.5082869150421836,0.4933425757018002,0.5214414704929698,0.521391283382069,0.5320594988086007,0.532133473591371,wine
11,8,0.5145280334082517,0.5167817879806865,0.5103646137497642,0.5128399716182188,0.5169554406946356,0.5056256367401644,0.5066114785996351,0.5007521401752125,0.5012319711121646,wine
12,2,0.5606528195467863,1.8464518135244197,0.7266374772245233,0.6672953313047235,0.5978465947237882,0.5293325890194286,0.5291218053210865,0.589279902252284,0.5902980118989944,wine
12,3,0.519012988968329,1.0170078927820378,0.6054487716067921,0.5933201556855981,0.575941027565436,0.5305047238414938,0.532807398926128,0.5439010262489319,0.5511614707383242,wine
12,4,0.5327140905640342,0.587039749730717,0.5653801993890242,0.5624679001894864,0.5239010507410223,0.5175783363255587,0.5175707909193906,0.5390426489439878,0.5390426218509674,wine
12,5,0.5011186775836077,0.5260404185815291,0.5175810781392184,0.4888559715314345,0.4983209290287711,0.5364030247384851,0.5364036397500471,0.5274710059165955,0.52746736461466,wine
12,6,0.5199046893553301,0.53387850522995,0.5182964612137188,0.5413113507357511,0.551341944120147,0.5406289100646973,0.5401429290121252,0.5008362910964272,0.5010974949056451,wine
12,7,0.5518385320901871,0.5455187762325461,0.54194114966826,0.4918844496661966,0.5275121791796251,0.5331867228854786,0.5331719192591581,0.5552333105694164,0.5552428093823519,wine
12,8,0.5184946588494561,0.5127644091844559,0.509625720706853,0.522332023490559,0.5173630714416504,0.5214903435923837,0.5215023756027222,0.5329209132628008,0.5329206721349196,wine
13,2,0.5296106392687018,1.5782755721699109,0.7683082629333843,0.6438451598991047,0.6290694583546032,0.5645335858518427,0.5645335858518427,0.5888469368219376,0.5888469368219376,wine
13,3,0.5066455954855139,0.9931060129945928,0.5352425385605205,0.5757611691951752,0.5019006702032957,0.5423067347569899,0.5423284091732719,0.5578247254545038,0.5580800473690033,wine
13,4,0.5033669769763947,0.6440199613571167,0.5595083128322255,0.5415490107102827,0.530013848434795,0.5631946352395144,0.5627852244810625,0.5454078370874579,0.5456635572693564,wine
13,5,0.5458703474564985,0.572570101781325,0.5532891533591531,0.5092904527078975,0.537396636876193,0.5253217735073783,0.5253038731488314,0.5488885884935205,0.5489501004869287,wine
13,6,0.5280185070904818,0.5553643026135184,0.5196143036538904,0.5128862979737195,0.5470785444433038,0.5518503378738057,0.5523170070214705,0.5419620492241599,0.5423685312271118,wine
13,7,0.5573396140878851,0.55470395359126,0.5655950443311171,0.5239461308175867,0.5592281019145792,0.5322126827456735,0.5322177301753651,0.5828206268223849,0.5828029973940416,wine
13,8,0.5215641964565624,0.516137423840436,0.5111894417892803,0.5237800614400343,0.5485708523880352,0.5231995392929424,0.5231939486481927,0.5496835898269307,0.5496860119429502,wine
14,2,0.5246062143282457,1.454214014790275,0.6934703967788003,0.6472690945321863,0.5360704145648263,0.5602052442052148,0.5619024729186838,0.5738277950070121,0.5675469528545033,wine
14,3,0.5137950317426161,1.0174044424837283,0.595804439349608,0.6109962544657968,0.5523671480742368,0.550981266932054,0.5509819523854689,0.5123089782216332,0.5123098750006069,wine
14,4,0.5165059972893108,0.5692144388502295,0.5216223326596346,0.5802629075267098,0.5208055458285592,0.523004185069691,0.5231290446086363,0.5625310838222504,0.563793423500928,wine
14,5,0.5361748473210768,0.5447649549354207,0.5306315313686024,0.5077027001164176,0.5037787041880868,0.5173168236559088,0.5172478773377158,0.4881844303824685,0.4881937205791473,wine
14,6,0.5355876792560924,0.543279536745765,0.5369084612889723,0.5111173472621224,0.5227728269316934,0.5338882776823911,0.5338927155191248,0.5143764181570574,0.5143852775747125,wine
14,7,0.5211394158276644,0.5262447839433496,0.5291370695287531,0.5064327825199474,0.54462254318324,0.5254377316344868,0.5254378887740049,0.5723983916369352,0.5723954981023615,wine
14,8,0.5233291983604431,0.5243856554681604,0.5293684818527915,0.4839435897090218,0.5416888946836645,0.5243073132905093,0.5245952389457009,0.5230083397843621,0.5228074775500731,wine
15,2,0.523357014764439,1.290735130960291,0.5879060057076541,0.6550229950384661,0.5265750857916746,0.5412533527070825,0.5453790128231049,0.5734168995510448,0.5793659714135256,wine
15,3,0.512458630583503,0.9827402450821616,0.6142366040836681,0.6052886857227846,0.5558792894536798,0.5272898132150824,0.5449530522931706,0.5023155971006914,0.521785706281662,wine
15,4,0.520992711186409,0.5675782723860308,0.5340524586764249,0.5430956482887268,0.5288943756710399,0.5269131823019548,0.527827029878443,0.535000664266673,0.5358605493198741,wine
15,5,0.5076784789562225,0.5919572548432783,0.520475750619715,0.5592854700305245,0.5509355745532296,0.5649828910827637,0.5648136653683402,0.5697755759412592,0.5691346417773854,wine
15,6,0.517867998643355,0.5200031806122173,0.5345348444851962,0.544411613182588,0.540802692825144,0.5358116843483665,0.5358120419762351,0.5367718907919797,0.5367748954079368,wine
15,7,0.527113445780494,0.5283952057361603,0.515506771477786,0.5246626328338276,0.4968417422337965,0.4978546039624648,0.4979358369653875,0.5265116149728949,0.5265861722556028,wine
15,8,0.5181182650002566,0.522202654318376,0.5161535983735864,0.5391283956441012,0.5472331019965085,0.5377470038153909,0.5378884375095367,0.5419430434703827,0.5419517105275934,wine
16,2,0.5414718416604128,2.4424620758403432,0.6977039006623355,0.6415002996271307,0.5664629936218262,0.5443733686750586,0.5443734472448175,0.5854908634315837,0.5854908634315837,wine
16,3,0.5286553759466518,1.081324664029208,0.5790033611384305,0.5866112885150042,0.5238200182264502,0.5267711742357775,0.5267697220498865,0.5613919957117601,0.5615021261301908,wine
16,4,0.5005823509259657,0.5703171423890374,0.5212879329919815,0.5564456663348458,0.5106670206243341,0.5060103806582364,0.5059853006492961,0.4980176741426641,0.4978443682193756,wine
16,5,0.4963208558884533,0.5051968598907645,0.5150393708185717,0.5211821117184379,0.5533845505931161,0.528559763323177,0.5285550084981051,0.5396456041119315,0.5396310930902307,wine
16,6,0.5075873637741263,0.5261598446152427,0.5078751160339876,0.5155193101276051,0.5548668828877535,0.5123096284541216,0.5127175545150583,0.528354520147497,0.5290218916806307,wine
16,7,0.5206017358736559,0.5208697129379619,0.5352708019993522,0.5145296020941301,0.544108347459273,0.5518760572780262,0.5518488938158209,0.5173200368881226,0.5173166367140684,wine
16,8,0.5314194072376598,0.5240015224976973,0.5142918256196108,0.5287008583545685,0.4875616864724593,0.4956008385528218,0.4956004240296103,0.4857227070765061,0.4857297973199324,wine
17,2,0.5336991602724249,1.656307957389138,0.6950933283025568,0.6486632661385969,0.6159145452759482,0.5565965961326252,0.5568170330741189,0.5955702418630774,0.5955832573500547,wine
17,3,0.5185043215751648,0.6693799820813265,0.530209248716181,0.5665579790418799,0.5395167497071353,0.5222374661402269,0.5222374119541862,0.5048470957712694,0.504847989840941,wine
17,4,0.5060418762943961,0.6681642627174204,0.5438624782995745,0.5636923665350134,0.5341199744831432,0.530251223932613,0.5302302512255582,0.5063234188339927,0.5059059045531533,wine
17,5,0.5484321009029042,0.5620910958810286,0.5613369318571958,0.503215258771723,0.5092580169439316,0.510373139923269,0.5103727416558699,0.5005394044247541,0.5005394071340561,wine
17,6,0.5392961190505461,0.5677956749092449,0.5523868826302615,0.5481160554018888,0.5353044908155095,0.5488907098770142,0.547175878828222,0.547136664390564,0.5493038215420463,wine
17,7,0.518756699833003,0.5237516435709867,0.5520424219695005,0.5179264626719735,0.5078870505094528,0.522921846671538,0.5229215188459917,0.5114515301856127,0.5114561807025563,wine
17,8,0.5506730079650879,0.537438300522891,0.5337980037385767,0.5367432209578428,0.5638239708813754,0.5592919804833152,0.5592692440206354,0.5377700816501271,0.5377628830346194,wine
18,2,0.5142096565528349,1.5080128799785266,0.6816652796485207,0.6489968299865723,0.5841552831909873,0.5768454237417742,0.5768454345789823,0.5731549235907468,0.5731549235907468,wine
18,3,0.5043678500435569,1.2882687774571506,0.5591747056354176,0.5908247801390561,0.5640619613907554,0.5627097297798503,0.5635312497615814,0.509547466581518,0.5082100548527457,wine
18,4,0.5130774134939368,0.6143284873528914,0.534931789744984,0.5661333826455203,0.5255103436383334,0.5358927764675834,0.5358911183747378,0.5510728603059595,0.5511138628829609,wine
18,5,0.5504647520455447,0.5641020617701791,0.574145726182244,0.5095785612409766,0.5288731957023795,0.5662756711244583,0.5662756548686461,0.5865974588827654,0.5865972665223208,wine
18,6,0.5217987014488741,0.5262034427035939,0.5220537510785189,0.5215934623371471,0.5103833025152033,0.4900123260237954,0.4900074709545482,0.4893675703894008,0.4893665381453254,wine
18,7,0.560173365202817,0.547800288958983,0.5633805421265689,0.5360405986959283,0.5271193954077634,0.5570999736135657,0.5570822303945367,0.531729359518398,0.5317196954380382,wine
18,8,0.5106556930325248,0.5063021101734855,0.5004839274016294,0.5234694480895996,0.5196853984485973,0.5258206643841483,0.5257728452032263,0.5042591040784662,0.5041143758730455,wine
19,2,0.4803144606676968,1.5919294248927722,0.7756248306144368,0.6486825970086184,0.611513389782472,0.6201493767174807,0.6207848272540353,0.5756780532273379,0.5756266686049375,wine
19,3,0.5260347100821409,0.9704365784471686,0.5646290440451015,0.5894774862311103,0.5333311882886019,0.5579817999492992,0.5579817809841849,0.531529039144516,0.5315291746096178,wine
19,4,0.4854919829151847,0.5710125497796319,0.4952261800115758,0.5446837530894713,0.5718185413967479,0.5506562319668856,0.5506561994552612,0.5396885682236064,0.5396885682236064,wine
19,5,0.5529247251423922,0.5753819644451141,0.5579598925330422,0.5600867217237299,0.5683834688229994,0.5346787138418718,0.5363613990220156,0.586502955718474,0.5980393669822,wine
19,6,0.5195577686483209,0.5317437675866213,0.5253324752504175,0.5370546416802839,0.5249545194885947,0.527791521765969,0.5277915298938751,0.5069569809870287,0.5069383193146099,wine
19,7,0.5045090615749359,0.4953771071000533,0.4900071973150426,0.5440899892286821,0.5533680970018561,0.5683655820109628,0.5685011040080677,0.5708047232844613,0.5701240951364691,wine
19,8,0.5130733766339042,0.5024416026743975,0.5103898820551959,0.5366796146739613,0.5166209638118744,0.5297003808346662,0.5296969969164241,0.4942271221767772,0.4942249764095653,wine
20,2,0.4958047514612024,1.9241817539388484,0.7269945903257891,0.659735918045044,0.5562958852811293,0.5585113594477827,0.5585113486105745,0.5838843882083893,0.5838843882083893,wine
20,3,0.5649958903139288,1.1116837154735215,0.6609681086106733,0.6003307375040922,0.5383791327476501,0.5817426145076752,0.5825454646890814,0.5251439267938788,0.5254165123809468,wine
20,4,0.5286337651989677,0.697213048284704,0.5771633684635162,0.5410241132432764,0.5713741454211149,0.5244999141855673,0.5244292576204647,0.5711266398429871,0.5706482936035503,wine
20,5,0.5156236643140967,0.5612306269732389,0.5187386626547034,0.5052076185291464,0.5537609159946442,0.5038558542728424,0.5045377314090729,0.53474091806195,0.5408199388872493,wine
20,6,0.5238137434829365,0.5424644784493879,0.5232047926295887,0.5363494591279463,0.525426987897266,0.5240871201861989,0.5242169445211237,0.57343005863103,0.5734748163006522,wine
20,7,0.5215734758160331,0.5188362517140128,0.5187458748167212,0.5231176479296251,0.5167489024725828,0.5111370005390861,0.5111430585384369,0.5003175220706246,0.5003175870938734,wine
20,8,0.5162289874120192,0.513867361979051,0.5073716803030535,0.5041369795799255,0.5777435763315721,0.5329284884712913,0.5329208076000214,0.5189429982142015,0.5189183218912645,wine
21,2,0.502186884934252,1.8696623065254905,0.79493248462677,0.6442824656313116,0.6198738434097983,0.6191222423856909,0.6334544555707411,0.6378656517375599,0.6603218154473738,wine
21,3,0.5230858055028048,0.8669682551514019,0.579122391614047,0.5952436910434202,0.5281188948587938,0.5573058372194116,0.5573083839633248,0.5346569771116431,0.5346569960767572,wine
21,4,0.5346168848601255,0.5678253675049002,0.5500862137837843,0.5209686756134033,0.5057824714617296,0.5618147375908765,0.5622705641117963,0.4803411039439114,0.4802881641821427,wine
21,5,0.5115708708763123,0.5474818308245052,0.530244380235672,0.5118710886348378,0.5193010541525754,0.5134994184428995,0.5133737027645111,0.4900491860779849,0.4889131567694924,wine
21,6,0.5372529409148477,0.5397562791000713,0.556688132611188,0.5652823637832295,0.5220177038149401,0.5640940910035913,0.5640924274921417,0.5602638762105595,0.5603134130889719,wine
21,7,0.500494203784249,0.4930354058742523,0.5128620700402693,0.5177938843315298,0.541410893201828,0.5558826300230894,0.555904280055653,0.5528405904769897,0.5529820756478743,wine
21,8,0.4821321693333713,0.4828576310114427,0.4840849096124822,0.4891870834610679,0.5300312258980491,0.5194300765340979,0.5194241323254325,0.5231190689585425,0.5231171575459567,wine
22,2,0.5194414772770621,1.2255955934524536,0.61267366734418,0.6487260569225658,0.5545409755273298,0.5536623597145081,0.5536623461679979,0.5474969053810294,0.5474971492182125,wine
22,3,0.494647589596835,1.1160067915916445,0.5851083072749051,0.5749221538955515,0.5918838544325395,0.5712792900475588,0.571276843547821,0.5546088679270311,0.554607171903957,wine
22,4,0.538675990971652,0.7053841840137135,0.5758772492408752,0.5722972371361472,0.5341119224374945,0.5632941208102487,0.5632941587404772,0.5606325918977911,0.5606326894326643,wine
22,5,0.5778663131323728,0.6243235631422563,0.5865866866978732,0.579073813828555,0.5377645004879344,0.5522240996360779,0.5509332770651038,0.5801378380168568,0.5886248756538738,wine
22,6,0.5305342132394965,0.55101677775383,0.5482298298315569,0.5253368304534392,0.5282205261967399,0.5353824157606472,0.5353824265978553,0.5638920529322191,0.5638943422924388,wine
22,7,0.5407505062493411,0.5367798669771715,0.55190916901285,0.4957073669541966,0.521812463348562,0.5285367938605222,0.5283648046580228,0.5246728685769168,0.5244803455742922,wine
22,8,0.5280729857358065,0.5263237898999994,0.5179117619991302,0.5294242785735563,0.5156734369017861,0.5230512537739493,0.5230565775524486,0.5208814875646071,0.5208218151872809,wine
23,2,0.5237192836674777,0.9058926051313226,0.6203798082741824,0.6815417246385054,0.5864227928898551,0.538512341000817,0.538512343710119,0.6068175299601122,0.6068175299601122,wine
23,3,0.5138035958463495,0.6539243893189863,0.5174127085642382,0.5733888718214902,0.5215223594145342,0.5144861096685583,0.5144851776686582,0.5298537530682303,0.5298537584868345,wine
23,4,0.5199278918179598,0.619138316674666,0.5842792418870059,0.5177887813611464,0.5275935395197435,0.5088564983823083,0.5096638040109114,0.5011386898430911,0.4941533478823575,wine
23,5,0.4823108532211997,0.5308026942339811,0.488474423235113,0.5222713080319491,0.5238000587983564,0.5406160056591034,0.5408789407123219,0.5101473195986315,0.511975961652669,wine
23,6,0.5595879636027596,0.5790721692822196,0.5618656467307698,0.536639617248015,0.5280758873982863,0.5737779303030535,0.5737574669447812,0.4987142004749991,0.4987159398469058,wine
23,7,0.5659534524787556,0.5635845959186554,0.544173074039546,0.5396398929032412,0.519073025746779,0.5447069325230338,0.5447291515090249,0.5583421073176644,0.5584441098299894,wine
23,8,0.5060759701512076,0.5063353668559681,0.4976737174120816,0.5389959893443368,0.5336595394394614,0.5366593788970601,0.5370130105452104,0.5431792776692997,0.5431831871921365,wine
24,2,0.5224566215818579,1.9301027059555056,0.6645488793199713,0.662622790444981,0.5706150450489738,0.5620822852308099,0.5680183063853871,0.5518409352410923,0.5551223064010794,wine
24,3,0.5436181317676197,1.1986782279881565,0.601073525168679,0.556976012208245,0.5743278969417919,0.5454741337082603,0.5454741337082603,0.5577838637612083,0.5577838637612083,wine
24,4,0.5302201428196647,0.6130721785805442,0.5337892743674192,0.5465231510725889,0.5223894715309143,0.5488301840695468,0.5488299348137595,0.5450305667790499,0.5450309054418043,wine
24,5,0.541301659562371,0.5309638299725272,0.5558278018778021,0.4976798323067752,0.4984503984451294,0.5387701121243563,0.5387700823220339,0.5087413083423268,0.508741332726045,wine
24,6,0.5020328760147095,0.5047745406627655,0.499467291615226,0.5606199313293804,0.5121484751051123,0.5013781785964966,0.5013781975616108,0.4845071976835077,0.484507216648622,wine
24,7,0.5011820549314673,0.4994626045227051,0.5113394585522738,0.5387316590005701,0.5442330187017267,0.5292208628220991,0.5290837667205117,0.8998776294968345,0.8998776294968345,wine
24,8,0.5214283222501929,0.5200230235403235,0.517325986515392,0.5033752417022531,0.548382206396623,0.4977616721933538,0.497300925579938,0.5081934278661554,0.5085685713724657,wine
25,2,0.5168525088917125,1.9995167363773696,0.6172982833602212,0.6390353061936118,0.5658646293661811,0.5762765190818093,0.5762741701169447,0.58057201044126,0.5842800993811,wine
25,3,0.5122209624810652,1.1473695148121228,0.6182926107536663,0.6111815382133831,0.5732337940822948,0.5115263976834037,0.5193644044074145,0.5506747818805955,0.5615930733355609,wine
25,4,0.5167218365452506,0.5691989362239838,0.5303346948190168,0.5359828282486309,0.5157174061645161,0.5011236234144731,0.5011236017400568,0.5397177514704791,0.5397227189757607,wine
25,5,0.5299126885154031,0.5526524159041318,0.5353967168114402,0.5046355588869615,0.531899479302493,0.5383018065582622,0.5383005413142118,0.5093948841094971,0.509394415400245,wine
25,6,0.4893276813355359,0.4870436232198368,0.5121517005291852,0.5340086316520517,0.5180181779644706,0.5324248292229392,0.5324176197702234,0.4874149181626059,0.4874134063720703,wine
25,7,0.5253656804561615,0.5252179097045552,0.5392032333395698,0.5167781548066572,0.5277002643455159,0.5425367843021046,0.5411605374379591,0.5054460222070868,0.504692630334334,wine
25,8,0.5501229058612477,0.5465067448941144,0.5537901005961678,0.5244657939130609,0.5224062245000493,0.5400623679161072,0.53995112397454,0.5152645788409493,0.5151803439313715,wine
26,2,0.5382508960637179,2.3429977243596856,0.7553195953369141,0.6354993337934668,0.5951514623381875,0.5812537778507579,0.5812537778507579,0.5060790926218033,0.5060790953311053,wine
26,3,0.5128143673593347,1.1262634125622837,0.6026657223701477,0.5963087515397505,0.5622771978378296,0.5739520720460198,0.5740870603106238,0.5074353353543715,0.5072111649946733,wine
26,4,0.5541567233475772,0.6770139932632446,0.5804166224869814,0.5547047040679238,0.5158913162621585,0.5650911818851124,0.5657221051779661,0.5712283443320881,0.5709579288959503,wine
26,5,0.5048216635530646,0.5641767978668213,0.512853738936511,0.5592524720863863,0.5329442430626262,0.5198426165364005,0.5202492556788705,0.5075150755318728,0.5088085315444253,wine
26,6,0.5048597942699086,0.5061521624976938,0.5070798207413066,0.5667463351379741,0.5272914252497933,0.5065148770809174,0.5069076039574363,0.5108821012757041,0.51069544933059,wine
26,7,0.5364169722253626,0.5341683897105131,0.5374897501685403,0.5131716999140653,0.5398770408196882,0.5279555402018807,0.5279472822492773,0.5324089445851066,0.5324088335037231,wine
26,8,0.5371409871361472,0.5397728654471311,0.5371116453951056,0.5272294743494554,0.5160958861762827,0.5197670026258989,0.5178723497824236,0.4946313893253153,0.4947461648420854,wine
27,2,0.5273934684016488,2.188535527749495,0.6632761819796129,0.6668389588594437,0.5572550391609018,0.5585519942370328,0.5585515824231234,0.567941890521483,0.5679421370679681,wine
27,3,0.5177518318999897,1.0340664115819065,0.6156004423444922,0.5921442291953347,0.5674457604234869,0.5670634426853873,0.56706348603422,0.5967145264148712,0.5967145209962671,wine
27,4,0.5140027864412828,0.654364905574105,0.5394440184939991,0.5441479682922363,0.534959077835083,0.5050629648295316,0.51055401021784,0.4856919754635204,0.4887703602964228,wine
27,5,0.5302048081701453,0.561381383375688,0.5397714945403013,0.5436123663728888,0.5302735512906854,0.5447210019285028,0.5446301807056774,0.5486930419098247,0.5480754185806621,wine
27,6,0.5567193979566748,0.5517040274359963,0.5580004236914895,0.5228997739878568,0.4900631416927684,0.5206168944185431,0.5206190754066814,0.482202953912995,0.4821805588223717,wine
27,7,0.5477492944760756,0.5459017049182545,0.5366300561211326,0.560150842774998,0.5410488898103888,0.52782377126542,0.5277422233061357,0.573238876732913,0.5724359669468619,wine
27,8,0.5279290296814658,0.5296986617825248,0.5238464149561796,0.5288485830480402,0.5593946278095245,0.5290308567610654,0.5290209678086367,0.540110785852779,0.5400964346798983,wine
28,2,0.5363270342350006,1.5707943439483645,0.7176096168431368,0.6744656318967993,0.5456837591799822,0.5873399133032019,0.5873513221740723,0.5896966376087882,0.5905650854110718,wine
28,3,0.5085503350604664,1.2471763735467738,0.5937937823208895,0.5477285168387673,0.5418833981860768,0.5374263985590502,0.537426536733454,0.5368317555297505,0.5368201082403009,wine
28,4,0.5232584205540743,0.5980196351354773,0.5614299151030454,0.5625414496118372,0.5628282563252882,0.5224569792097266,0.5224601111628793,0.5095736844973131,0.5095351412892342,wine
28,5,0.5186124444007874,0.5059474273161455,0.5030133290724321,0.5112745545127175,0.5136717151511799,0.542817232283679,0.5429540520364587,0.555072621865706,0.5573509687727148,wine
28,6,0.4974649115042253,0.5045101723887704,0.5022512349215421,0.5365577881986444,0.5045908703045412,0.4981620853597467,0.4996589530598033,0.4723585031249306,0.4734971143982627,wine
28,7,0.5450262346050956,0.5439497503367338,0.5319182926958258,0.5197041766210035,0.5098927820270712,0.5402881909500469,0.5409862155264075,0.5307737778533589,0.5306887450543317,wine
28,8,0.5121358782052994,0.513541816310449,0.5142526335336945,0.4979675303805958,0.5228640653870322,0.5252155959606171,0.5252278203314001,0.5393800816752694,0.5394077693874185,wine
29,2,0.517838182774457,0.9656289761716668,0.543032938783819,0.6520746810869738,0.5479848005554893,0.5432494282722473,0.5460300201719458,0.5469184572046454,0.5477646399628032,wine
29,3,0.5307356715202332,1.0943855968388645,0.6432451063936407,0.583047089251605,0.598617979071357,0.5554546984759244,0.5565639165314761,0.5712168758565729,0.5720380571755496,wine
29,4,0.5126805061643774,0.6378875754096291,0.577229464595968,0.5363242165608839,0.5127065046267076,0.5476222878152673,0.5540515184402466,0.4992815662514079,0.4944490221413699,wine
29,5,0.5009379712018099,0.5054771927270022,0.505175693468614,0.5185479521751404,0.5136869116262957,0.5064679655161771,0.5064679790626873,0.5391014868562872,0.5391015058214014,wine
29,6,0.5574886473742399,0.588647725907239,0.557897153225812,0.5610944825139913,0.5572610822590914,0.515657668763941,0.5154954086650502,0.519703900272196,0.5198867619037628,wine
29,7,0.5447420125657861,0.5473977869207208,0.5490047877485101,0.5429311286319386,0.5524195676500147,0.5457266731695696,0.5457637282935056,0.5145924253897234,0.514873285185207,wine
29,8,0.541534117676995,0.5434320812875574,0.5348106893626127,0.5181246372786436,0.5266539996320551,0.5655815899372101,0.5655812512744557,0.56129375371066,0.5614455992525275,wine
30,2,0.5328240232034163,2.379341856999831,0.7093344032764435,0.6457331614060835,0.597301881421696,0.557249513539401,0.5573906817219474,0.5146995484828949,0.5150076774033633,wine
30,3,0.5417317477139559,1.18683353879235,0.6171512116085399,0.5961657599969343,0.5773776051673022,0.6007726463404569,0.6007726463404569,0.5717145516113802,0.5717145516113802,wine
30,4,0.5399882820519534,0.7163877432996576,0.5761046247048811,0.5823569758371874,0.5503542965108698,0.5349804759025574,0.5349805192513899,0.5804683864116669,0.5804004953666166,wine
30,5,0.5263022888790477,0.5662921287796714,0.5439707447182048,0.5484794865955006,0.5125820961865512,0.4979593320326371,0.4979736913334239,0.5018941868435253,0.501891778274016,wine
30,6,0.5457574481313879,0.5663171871141954,0.5485577447847887,0.5391382277011871,0.5477015647021207,0.5262383466417139,0.5257402414625342,0.5434303005987947,0.5430849302898754,wine
30,7,0.5005610869689421,0.4987511350349946,0.507147490978241,0.5011183673685248,0.503717452287674,0.5090032274072821,0.5089862753044475,0.4803029217503287,0.4803031574596058,wine
30,8,0.5370397825132717,0.5373072949322787,0.5450751104138114,0.5145263577049429,0.5426705994389274,0.5418767007914457,0.5418499870733782,0.5254518010399558,0.5253672816536643,wine
31,2,0.5362489060922102,1.7603696313771335,0.7553444558923895,0.6675117313861847,0.5622391700744629,0.5761489813978021,0.5807812322269786,0.594128895889629,0.6005235368555243,wine
31,3,0.5354560776190325,1.2078911553729663,0.665431867946278,0.5724089633334767,0.6168865751136433,0.58743170987476,0.587957417423075,0.6109544309702787,0.6143701482902874,wine
31,4,0.5459357933564619,0.645691001957113,0.5722920894622803,0.5707589929754083,0.5534152063456449,0.5206335891376842,0.5206335945562883,0.5209113562648947,0.5209114971486005,wine
31,5,0.5576012270017103,0.589779569344087,0.5768406662074003,0.5209839940071106,0.507738625461405,0.515553739937869,0.5157917521216653,0.4997907162389972,0.5011820515448396,wine
31,6,0.5407516685399142,0.5618851482868195,0.5338121273300864,0.535282785242254,0.5151293467391621,0.541433724490079,0.5416400297121569,0.5328991223465313,0.5328998972069133,wine
31,7,0.513766659931703,0.5026219405911185,0.5150628929788416,0.5135708071968772,0.5179464979605242,0.531878568909385,0.5345030264420942,0.5133846835656599,0.513638434084979,wine
31,8,0.5031941885297949,0.5036837160587311,0.5082570883360776,0.5212011472745375,0.5290784375234083,0.536341052163731,0.5362651158462871,0.5061969052661549,0.506230806762522,wine
32,2,0.5116453577171672,1.973198197104714,0.7663993510332975,0.657523057677529,0.5899261209097776,0.5554660152305256,0.5774738598953594,0.608856426043944,0.6145537360147997,wine
32,3,0.5470073873346503,1.2317675731398845,0.6532821005040949,0.5921545882116664,0.554499780589884,0.5216020779176191,0.5216020697897131,0.5200054401701147,0.5200054510073229,wine
32,4,0.5327008786526594,0.7048148214817047,0.5881296965208921,0.5718174603852358,0.5362348583611575,0.578927759419788,0.5789342969655991,0.5579891137101434,0.5579891164194454,wine
32,5,0.5221525674516504,0.5693416812203147,0.5365631607445803,0.514535974372517,0.5192704498767853,0.5257930972359397,0.5257928696545687,0.5192067731510509,0.5192064046859741,wine
32,6,0.5008050663904711,0.5061335970054973,0.5152719616889954,0.5578502714633942,0.4936732676896182,0.5246853069825606,0.5248582769523967,0.5383202975446527,0.5385027961297468,wine
32,7,0.5000681416554884,0.502336247400804,0.4955644255334681,0.5353558334437284,0.5175793306394056,0.5471966930411079,0.5470635958693244,0.5263535732572729,0.5263965373689478,wine
32,8,0.5324582972309806,0.5282744060863148,0.5409694937142459,0.5256497318094427,0.5430689399892633,0.5294890376654539,0.529678843238137,0.5644645392894745,0.5645112855867906,wine
33,2,0.5382691784338518,2.269959709861062,0.667322887615724,0.6520290483127941,0.5562384778803046,0.5494269213893197,0.5494370406324213,0.5694409852678125,0.5694410313259471,wine
33,3,0.5026581544767726,1.2079202641140332,0.6418004035949707,0.5683145374059677,0.5376363586295735,0.5499087951400063,0.5472285124388608,0.506591643799435,0.5216578109697863,wine
33,4,0.5378041524778713,0.6378675428303805,0.556270341981541,0.5319025381044908,0.5410673035816713,0.5181330117312345,0.5181177773258903,0.5355978188189593,0.5355978188189593,wine
33,5,0.5183025842363184,0.5131915604526346,0.5209556140682914,0.5224651071158323,0.5474333248355172,0.5166670300743796,0.5166667564348741,0.506075615232641,0.5061307793313806,wine
33,6,0.5302070460536263,0.5530192987485365,0.5347842411561445,0.5427509004419501,0.5339083671569824,0.5096569874069907,0.5113635036078367,0.5096920308741656,0.5101596157659184,wine
33,7,0.5204169641841542,0.5126292705535889,0.5232839205048301,0.4880863021720539,0.5211086246100339,0.5292554646730423,0.5296014019034125,0.5232812572609294,0.5233889276331122,wine
33,8,0.5229088054461912,0.5068807574835691,0.5057793340899728,0.5199944512410597,0.5024128583344546,0.4973720555955713,0.4973900697448037,0.5356792631474409,0.5356803102926775,wine
34,2,0.5067419043996118,1.374597879973325,0.7477865544232455,0.6436902745203539,0.5735817849636078,0.5582276636903937,0.5582304542714899,0.5941280099478635,0.5938908105546777,wine
34,3,0.5222433453256433,1.0719371329654346,0.6022404378110712,0.6076978363774039,0.5188855257901278,0.5539666658098047,0.552216575904326,0.5353844192895022,0.5402562293139371,wine
34,4,0.5097039965066043,0.6553290730172937,0.5561889870600267,0.6017724980007518,0.540988794781945,0.5212348726662722,0.5239705226638101,0.5258909612894058,0.5315133306113157,wine
34,5,0.5096711137078025,0.5541935319250281,0.5341156964952295,0.5564573759382422,0.5715773213993419,0.5534722364761613,0.5534726740284399,0.5622823698954149,0.5622791756283153,wine
34,6,0.5424183823845603,0.5616020180962302,0.5455877618356184,0.5689097236503254,0.5709482133388519,0.5582821098240939,0.5583079890771345,0.5232952697710558,0.5233809514479204,wine
34,7,0.5003999823873694,0.5033766708590768,0.5044906735420227,0.5177801982922987,0.5243384160778739,0.5282002822919325,0.5282002606175162,0.530631506984884,0.5306315449151126,wine
34,8,0.4933586025779897,0.4980548024177551,0.4932831715453755,0.5410698313604702,0.5644583133133975,0.5660796978256919,0.5662142796949907,0.5489308319308541,0.5489748364145105,wine
35,2,0.525042476979169,1.5097787922078914,0.73669003627517,0.644537169824947,0.578075495633212,0.5791332775896246,0.5791514678434893,0.5404777553948489,0.5405222177505493,wine
35,3,0.5205089355056937,1.1315782774578442,0.610115953467109,0.592819175936959,0.5623646757819436,0.5669314617460425,0.5669408278031782,0.5953603684902191,0.5958802700042725,wine
35,4,0.57152874361385,0.6626539799300107,0.6086370999162848,0.5434372235428203,0.5351210236549377,0.4922060004689477,0.4942349317398938,0.4880211001092737,0.4987465387040918,wine
35,5,0.5337174047123302,0.5714404339140112,0.5642461397431113,0.549867407842116,0.5549224073236639,0.5588557584719225,0.5588554008440538,0.5738233869726007,0.573730466040698,wine
35,6,0.540368072011254,0.5628320954062722,0.5392580492929979,0.5102161074226553,0.5336585369977084,0.5935567427765239,0.5935549139976501,0.5508059832182798,0.5508073608983647,wine
35,7,0.5429067571054805,0.5441836430267855,0.5354226773435419,0.5298332273960114,0.5211262865500017,0.5168642157858069,0.5174927576021715,0.5373721691695127,0.5372839976440776,wine
35,8,0.5174062685533003,0.5194899981672113,0.5181301832199097,0.5347161211750724,0.5082877955653451,0.5491536964069713,0.5493835400451313,0.6010776351798665,0.6009172336621718,wine
36,2,0.5083437074314464,1.9458603208715264,0.8539989428086714,0.6606236533685164,0.5728117823600769,0.6133478744463488,0.6135036240924489,0.5927636027336121,0.592763833024285,wine
36,3,0.5103317661718889,0.7222336950627241,0.5438079942356456,0.5789400826800953,0.5296191437677904,0.5285771462050352,0.5285723182288083,0.538434849544005,0.5377606614069506,wine
36,4,0.519888923926787,0.5800927091728557,0.5344475643201307,0.5229521041566675,0.5513946820389141,0.5226906429637562,0.5225055786696348,0.5386658378622748,0.5386658785018054,wine
36,5,0.5286270840601488,0.5297069549560547,0.5300060510635376,0.5272749770771373,0.5391563908620314,0.5525905706665732,0.552558495239778,0.5053201778368517,0.5053194517439062,wine
36,6,0.4996140734715895,0.5126243016936562,0.5038352121006359,0.5158227736299689,0.5266940756277605,0.5097126229242845,0.5096296044913206,0.5273826474493201,0.5268162218007174,wine
36,7,0.5288229313763705,0.5349209416996349,0.5428682213479822,0.5072539746761322,0.509463600137017,0.5551822889934886,0.5551352067427202,0.553119117563421,0.5532405322248285,wine
36,8,0.5298542122949254,0.5295792330395092,0.5201386484232816,0.503572016954422,0.5094279484315352,0.5347488265145909,0.5347471223636107,0.5141787366433577,0.5141627815636721,wine
37,2,0.5453367612578652,1.4656499353322117,0.7271815755150535,0.6630194160071287,0.5781236859885129,0.5449454703114249,0.5614021176641638,0.5884971158070997,0.6009824519807642,wine
37,3,0.4948547374118458,0.9834920384667136,0.5510105815800753,0.5842586024241014,0.5408523055640134,0.5457106341015209,0.5457106503573331,0.5768523080782457,0.5768523080782457,wine
37,4,0.531041914766485,0.6808111423795874,0.5673388134349476,0.6077444065700878,0.5264082009142096,0.5365537052804773,0.536553683606061,0.5711977969516407,0.5711965181610801,wine
37,5,0.5128275562416423,0.508031351999803,0.5208749066699635,0.5100209469144995,0.5112831104885448,0.5174906321547248,0.5141760300506245,0.4763315780596299,0.4768760285594247,wine
37,6,0.5556569451635535,0.5364690314639698,0.5715619759126143,0.5360167270356958,0.5564085678620772,0.5412817028435793,0.5412124828858809,0.5392609753391959,0.5393492769111287,wine
37,7,0.5325686064633456,0.5353220782496713,0.5402431135827844,0.5230026570233431,0.525136714631861,0.5016776323318481,0.5016915147954767,0.5144431015307253,0.5144492408091371,wine
37,8,0.5369366434487429,0.5394185185432434,0.5370679253881628,0.5410896268757907,0.5509557561440901,0.5246078344908628,0.5240389189936898,0.9000374728983099,0.9000374728983099,wine
38,2,0.5087496909228238,1.646003706888719,0.7328685874288733,0.653810744935816,0.5623409883542494,0.561997264623642,0.5619972117922523,0.5759272521192377,0.5757796222513373,wine
38,3,0.52819408882748,1.1333856853571804,0.5983187068592418,0.6032000265338204,0.5867923118851401,0.5483203665776686,0.5483203665776686,0.5269263061610135,0.5269358103925531,wine
38,4,0.5062046200037003,0.6390527182004668,0.5514647554267537,0.531124781478535,0.5363526235927235,0.5185040614821694,0.5185041400519285,0.4688404893333261,0.4687118963761763,wine
38,5,0.5086817795580084,0.5158547163009644,0.5177645547823473,0.4870431504466317,0.5284971676089547,0.5265253592621196,0.5267402719367634,0.4858656254681674,0.4857254109599374,wine
38,6,0.5576209182089026,0.5674694519151341,0.576213460076939,0.5734130848537792,0.5113395154476166,0.5454603243957866,0.545634386214343,0.5609975348819386,0.5609982338818637,wine
38,7,0.514503996480595,0.5078472237695347,0.5189341306686401,0.5508603453636169,0.5116022608496926,0.5346890552477404,0.5345185209404338,0.5537451993335377,0.5535992356863889,wine
38,8,0.5217989385128021,0.5273280279202894,0.5328931117599661,0.5278150357983329,0.5669320605017922,0.4962346499616449,0.4961124062538147,0.5678602186116305,0.5678706900639967,wine
39,2,0.4928991144353693,2.0957873409444634,0.6977971575476907,0.6449978676709262,0.5769071660258553,0.5536431466991251,0.5536491803147576,0.5843818783760071,0.584397169676694,wine
39,3,0.5450106181881644,1.1779102845625444,0.6163144111633301,0.5563503077084367,0.525112742727453,0.5255392816933718,0.5291340378197756,0.5295826724984429,0.5296008627523076,wine
39,4,0.5233247388492931,0.5486925352703441,0.5262642258947546,0.5587986978617582,0.5045592053370043,0.5250963189385154,0.5250955007293008,0.5106497379866514,0.5106498382308267,wine
39,5,0.5660195377739993,0.6176661158149893,0.5731917402961038,0.5331136204979636,0.5363674163818359,0.5298277193849737,0.5278073603456671,0.6102330467917703,0.615170952948657,wine
39,6,0.509573370218277,0.5134716115214608,0.5354951782660051,0.5118712674487721,0.543401300907135,0.5421783653172579,0.5423525951125405,0.5337918184020303,0.5338398760015314,wine
39,7,0.5298929431221702,0.5266162726012144,0.5335974530740217,0.5098064216700467,0.5262956348332491,0.5143210318955508,0.5135496881875125,0.5138482857834209,0.5136647305705331,wine
39,8,0.5151069462299347,0.5154773511669852,0.5166557742790743,0.5195840055292303,0.5281850384040312,0.537770455533808,0.5368762016296387,0.4960065700791098,0.4963241178881038,wine
40,2,0.547840801152316,2.135969487103549,0.7502097135240381,0.6396984701806848,0.6013327728618275,0.5755580934611234,0.5755581368099559,0.5636650648984042,0.5636650648984042,wine
40,3,0.5261210027066144,1.030076796358282,0.602079754525965,0.6030138182369146,0.5880238197066567,0.5562982356006448,0.5562982356006448,0.522597146305171,0.522597146305171,wine
40,4,0.4893858690153468,0.7147244648499922,0.5345233299515464,0.5995639887723055,0.5448659577152946,0.5423720113255761,0.5423856160857461,0.5300700501962141,0.5318573604930531,wine
40,5,0.5403323552825234,0.5512048737569288,0.5367819802327589,0.5278631773861971,0.5366562035950747,0.5196479911153967,0.5196549350565131,0.5562994073737751,0.5562991879203103,wine
40,6,0.4918235730041157,0.5109753771261736,0.4913896511901509,0.5466042784127322,0.5141425864263014,0.5222008038650859,0.5221415216272528,0.5549609552730214,0.5546682233160193,wine
40,7,0.5268003100698645,0.5257748013192957,0.5367932075803931,0.5392704416405071,0.5425239882685922,0.5243309086019342,0.5243204940449108,0.536985765803944,0.5369812087579207,wine
40,8,0.5441400313919241,0.5308025005188856,0.5390140644528649,0.5354511114684019,0.5256541655822233,0.5391564287922599,0.5391726060347124,0.5514025363055143,0.5514050071889703,wine
41,2,0.5409580550410531,1.7350367957895452,0.7047929574142803,0.6568432937968861,0.5561821000142531,0.5346923172473907,0.5346928509798917,0.5812478065490723,0.58132249658758,wine
41,3,0.4929585429755124,1.3147735812447288,0.5942356450991197,0.5895841717720032,0.5339089415290139,0.571095198392868,0.5712799998846921,0.5182926526123827,0.5181857218796556,wine
41,4,0.5076692768118598,0.6430412178689783,0.5245719281109896,0.5341959324750033,0.5264810757203535,0.5163484405387532,0.5163391476327722,0.4785381799394434,0.478541531346061,wine
41,5,0.5152471526102587,0.5423436110669916,0.5339655876159668,0.5136365646665747,0.519161579283801,0.4964987012473019,0.496498706665906,0.5266001359982924,0.5266020027073947,wine
41,6,0.5225829482078552,0.5296704281460155,0.5194403339516033,0.5280837254090742,0.5424110916527835,0.5448227064176039,0.5447839769450101,0.5410540361296047,0.5410661670294675,wine
41,7,0.5083799091252413,0.5112790384075858,0.501517033035105,0.5157591267065569,0.5498466274955056,0.5329522002827037,0.5329525010152296,0.5239947031844746,0.5240130587057634,wine
41,8,0.5159494145350023,0.5250156874006445,0.5165072489868511,0.5007613518021323,0.5545988191257823,0.5539178360592235,0.5537014955824072,0.5294214229692112,0.529435855421153,wine
42,2,0.4913902445272965,2.151104309342124,0.6824743774804202,0.6437492641535673,0.5572937672788446,0.5409730835394426,0.5409730835394426,0.5646877586841583,0.5646877586841583,wine
42,3,0.4938897815617648,0.9845813458616084,0.5854385793209076,0.575278489427133,0.5359921292825178,0.5317497280510989,0.5314945944330909,0.5155529190193523,0.5155053518035195,wine
42,4,0.5167029581286691,0.6984100639820099,0.563513002612374,0.539168657226996,0.5396882566538724,0.5252835953777487,0.5252838934009726,0.5110910399393602,0.5110920152880929,wine
42,5,0.532551730220968,0.5360057001764124,0.5274998545646667,0.5480625615878538,0.5120050202716481,0.5602772669358687,0.5606288476423784,0.5358596227385781,0.5358584645119581,wine
42,6,0.5225666896863417,0.5237682353366505,0.5114264027638868,0.5254844914783131,0.502065734429793,0.5370918187228116,0.5370933603156697,0.5489113899794492,0.5489114062352614,wine
42,7,0.5110084089365873,0.5133925811810927,0.5244312286376953,0.4884313710711219,0.5398219363255934,0.5160968601703644,0.5160978111353788,0.5276539163155989,0.5276787118478254,wine
42,8,0.5222360193729401,0.521947977217761,0.5219933634454553,0.4903291328386827,0.5126709829677235,0.5164202627810565,0.5164106596599926,0.5465652915564451,0.546533623879606,wine
43,2,0.5562670935284008,2.0177269090305674,0.7461283857172186,0.6715909892862494,0.551803928884593,0.5489412112669512,0.5489412112669512,0.5668538863008673,0.5668538863008673,wine
43,3,0.5117600885304537,1.0420697656544773,0.6391984847458926,0.5860551514408805,0.528426777232777,0.5566486607898365,0.5608310130509463,0.5215730287811973,0.525576881387017,wine
43,4,0.5382668321782892,0.6516580554572019,0.5538432598114014,0.553536821495403,0.5071878053925254,0.5248397236520593,0.5265065241943706,0.5140366066585887,0.5155648562041196,wine
43,5,0.5155310427600687,0.5336238443851471,0.5349858457391913,0.5097804665565491,0.49572077664462,0.5172348672693426,0.5176022432067178,0.5594144246794961,0.5594284073872999,wine
43,6,0.548179576342756,0.5645422732288187,0.5623471465977755,0.5689669034697793,0.5628149103034626,0.5712136301127347,0.5712152529846538,0.5380595922470093,0.5380462678996,wine
43,7,0.5042902698571031,0.5094340633262288,0.5112376416271384,0.5168143863027747,0.4934192191470753,0.5267927104776556,0.5270235348831523,0.518417542630976,0.5183202597227964,wine
43,8,0.5129548975012519,0.5048564130609686,0.5105570256710052,0.5029642988335002,0.5056670985438607,0.5127426738088782,0.5125240358439359,0.5148272866552527,0.5152228366244923,wine
44,2,0.5273946022445505,1.850085897879167,0.6583568535067819,0.6414363113316622,0.5407169623808428,0.551953063769774,0.5550652606920763,0.565752313895659,0.5692005861889232,wine
44,3,0.4801172790202228,1.067833331498233,0.5282783183184537,0.578360996463082,0.5175576264208014,0.5507252270525153,0.5494575879790566,0.5576597099954431,0.5603976148095998,wine
44,4,0.5193033760244196,0.6140487166968259,0.5404882024634968,0.5749987119978125,0.5468465252356096,0.5456592061302878,0.5431579378518191,0.5803770341656425,0.5873065536672418,wine
44,5,0.5161802538416602,0.5521731566299092,0.5401518656448885,0.5354583723978563,0.5076032660224221,0.5565808361226862,0.5565814646807584,0.533008108084852,0.5330088883638382,wine
44,6,0.5481454432010651,0.5594876340844415,0.5438907200639899,0.5587379336357117,0.5727968703616749,0.5508925291624936,0.5510889779437672,0.5908009220253337,0.5912963368675925,wine
44,7,0.5307631682265889,0.5121363089843229,0.5278893898833882,0.5288817232305353,0.5014153556390242,0.4803336696191267,0.4812972423705188,0.5254355032335628,0.5257486240430311,wine
44,8,0.5321389165791598,0.510561313141476,0.5297294855117798,0.5328722840005701,0.5049156438220631,0.5121780417182229,0.5121033543890173,0.5236746343699369,0.5237171135165475,wine
45,2,0.4985197755423459,1.291683240370317,0.6556007997556166,0.6497531858357516,0.5482577139681036,0.6016972715204413,0.6100500117648732,0.5846235806291754,0.5833102898164229,wine
45,3,0.5322994711724195,1.0425684343684802,0.609040382233533,0.5840103653344241,0.5356317054141652,0.5831782465631311,0.5823957134376873,0.5171544484116815,0.5233649692752145,wine
45,4,0.5134907093915072,0.5468522283163938,0.5196149999445135,0.5544673719189384,0.5198525948957964,0.5193506343798204,0.5190545185045763,0.5196425291624936,0.520143901759928,wine
45,5,0.5387074595147913,0.586461836641485,0.5452914617278359,0.5226094614375721,0.513087657364932,0.5539778200062838,0.5540614236484874,0.5803963054310192,0.5806786634705283,wine
45,6,0.5231181085109711,0.5544873191551729,0.5295220559293573,0.584229285066778,0.550692924044349,0.5467049777507782,0.5466973808678713,0.5381608226082542,0.5379395539110358,wine
45,7,0.5210371478037401,0.520825673233379,0.5129560611464761,0.5008657330816443,0.5200594636526975,0.527078318324956,0.5270824879407883,0.5145691931247711,0.5146013119003989,wine
45,8,0.5507650063796476,0.5563538670539856,0.5664830912243236,0.5415636599063873,0.5411807623776522,0.5368356068025936,0.5369473600929434,0.5187551731413061,0.5187340703877535,wine
46,2,0.5439032885161313,2.211969034238295,0.8295755711468783,0.6523573832078413,0.6178845140067014,0.5930710760029879,0.5930710760029879,0.6469422389160503,0.6469422443346544,wine
46,3,0.5240630385550585,1.0862876989624717,0.5865434760397131,0.5739889456467195,0.5522322302514856,0.5215421915054321,0.5215706906535409,0.5325129628181458,0.5325149866667661,wine
46,4,0.5109426026994531,0.7655887549573724,0.5503178265961733,0.5332364737987518,0.5708489878611132,0.5548823191360994,0.5548529855229638,0.5675036961382086,0.5673006068576466,wine
46,5,0.5453642254525964,0.5460566553202543,0.5547793426296928,0.5491266711191698,0.495363024148074,0.5138951404528185,0.5131812772967599,0.5006524947556582,0.5002160695466128,wine
46,6,0.5326499397104437,0.5642265298149802,0.5406063144857233,0.5784157934513959,0.520858957008882,0.5479697720570997,0.5479848953810605,0.5261883708563718,0.5254758162931963,wine
46,7,0.5230011398142035,0.5235455144535411,0.529778239401904,0.5271605402231216,0.5539652949029749,0.5240023379976099,0.5240024111487649,0.5337646034630862,0.5337716652588411,wine
46,8,0.5204579179937189,0.5113522518764843,0.5035436126318845,0.5193137120116841,0.5039702410047705,0.5332653224468231,0.5326719419522719,0.5271714519370686,0.5272432836619291,wine
47,2,0.5172417949546467,1.8847720514644275,0.6499337635257028,0.6526640355587006,0.5542882437055762,0.5515355413610284,0.5515378713607788,0.5657986646348779,0.5656604590741071,wine
47,3,0.5304255255243995,1.1194413195956836,0.6362143429842863,0.5579983375289224,0.5566292405128479,0.545600332997062,0.5452288450165228,0.5450160720131614,0.5444052869623358,wine
47,4,0.5115810443054546,0.6291960613294081,0.5140707790851593,0.5211071805520491,0.5121827965432947,0.5278409069234674,0.5278554396195845,0.5641488297419115,0.5641488405791196,wine
47,5,0.4752328477122567,0.5440600135109641,0.4673164188861847,0.5019280016422272,0.4959106133742766,0.5181531255895441,0.5181536701592532,0.4913646551695736,0.4913755546916615,wine
47,6,0.4904255487702109,0.5004358806393363,0.4901352389292283,0.505046779459173,0.5058686164292422,0.5061477856202559,0.5059080584482714,0.5107103775848042,0.5105981718410145,wine
47,7,0.5313782014630057,0.5256448198448528,0.5419331003319133,0.5223247408866882,0.5000632134350863,0.5193841714750637,0.5195837779478594,0.5224217068065297,0.5220157693732869,wine
47,8,0.5709410553628748,0.5722407942468469,0.5687708096070723,0.5363270938396454,0.530945669520985,0.5347747613083232,0.534764289855957,0.5674178844148462,0.5674265595999631,wine
48,2,0.5342968214641918,1.9325709288770505,0.6902334337884729,0.661284170367501,0.6036279716274955,0.5526032149791718,0.552606235850941,0.5558978129516948,0.5558979294516824,wine
48,3,0.5071029486981306,0.9798693413084204,0.5532609427517111,0.5771582627838309,0.5326297364451669,0.5386426232077859,0.5385179004885934,0.5682995346459475,0.5729901546781714,wine
48,4,0.5346534577282992,0.7262914126569574,0.6161040636626157,0.5979566248980436,0.5740097571503032,0.5197163386778398,0.5213964446024462,0.586860949342901,0.6064242056824944,wine
48,5,0.5044092292135413,0.555940796028484,0.4952012165026231,0.5217617452144623,0.5399467945098877,0.5255706987597726,0.5275612378662283,0.4733094654299996,0.4739900840954347,wine
48,6,0.5084031888029792,0.5089303864674135,0.5162664448673074,0.4992036683992906,0.5297388217665933,0.5385394435037266,0.5385328653183851,0.5651560371572321,0.5651526749134064,wine
48,7,0.5201861235228452,0.5202092772180383,0.528486734086817,0.5431393953886899,0.5441690981388092,0.4816712168130008,0.4815854321826588,0.5531928078694777,0.553210813890804,wine
48,8,0.5521612709218805,0.5556471456180919,0.5462736487388611,0.5656605904752557,0.5714492364363237,0.5844495404850353,0.5844265656037764,0.4989391551776366,0.4989304962483319,wine
49,2,0.5249195992946625,1.580590031363747,0.8156314167109403,0.6491874050010334,0.6175474063916639,0.5977404876188799,0.5977404876188799,0.6173408356579867,0.6180306456305764,wine
49,3,0.5380746126174927,1.0747588764537463,0.6141709414395419,0.5719876275821165,0.5428158397024329,0.5499745471910997,0.5499745417724956,0.5423195280812003,0.5423199751160361,wine
49,4,0.517380871556022,0.6499230577187105,0.5757096789099954,0.5474688410758972,0.5412879301743074,0.5070409856059335,0.5104862708937038,0.5094043300910429,0.5125074291771109,wine
49,5,0.5198027908124707,0.556258696724068,0.5633913481777365,0.5429751493714072,0.5127296447753906,0.5512082441286608,0.5499988713047721,0.5078669921918348,0.5075067200443961,wine
49,6,0.5061306181279096,0.5174038667570461,0.5200099701231177,0.5490230023860931,0.5467501174319874,0.5404224124821749,0.540399743752046,0.4948891401290893,0.4950352595611052,wine
49,7,0.5268044363368641,0.5156836807727814,0.5208826688202944,0.5392450229688124,0.5361265079541639,0.516233197667382,0.5163007541136309,0.5219246718016538,0.5219710604711012,wine
49,8,0.5338252064856616,0.5326653231273998,0.5265119048682126,0.504589013077996,0.5232423598116095,0.531242161989212,0.5312552831389687,0.5113034031607888,0.51130211353302,wine
50,2,0.5226839320226149,1.704685996879231,0.7468337633393027,0.6489864045923407,0.5948319678956812,0.5585803944956172,0.5701609457081015,0.583995911208066,0.602659902789376,wine
50,3,0.467895892533389,0.9466689987616106,0.5872358761050485,0.5762682665478099,0.5127628581090407,0.5574306303804571,0.5572310604832389,0.5189360055056486,0.5196685655550524,wine
50,4,0.5227238942276348,0.5696998888796027,0.5391967784274708,0.5044529763135043,0.5359864018180154,0.5637000880458138,0.5637315565889532,0.5482921600341797,0.548766014250842,wine
50,5,0.5289508862928911,0.5352014249021356,0.544201211495833,0.53356717933308,0.5183412297205492,0.5299650701609525,0.5298757390542463,0.6076934744011272,0.6076979339122772,wine
50,6,0.5287732942537828,0.5350037840279666,0.5172576714645732,0.5157024508172815,0.5566732720895247,0.5540108436887915,0.554002279585058,0.5088382471691478,0.5088382390412417,wine
50,7,0.5306987247683785,0.5099843713370237,0.5254769135605205,0.5079414837739684,0.5219729786569421,0.514554115858945,0.5145566192540255,0.5195632238279689,0.5195508382537148,wine
50,8,0.5382150601256978,0.5377648689530112,0.5337136523290114,0.5126122805205259,0.5024576972831379,0.5730895589698445,0.5733832987872037,0.5400970334356482,0.5402859503572638,wine
