hyperparameter_setting_id,bits,FP,Po-MQ,Po-QQ,Pr-MQ,Pr-QQ,Bw-MQ,Bw-QQ,SQ,Bw-SQ,dataset
0,2,0.09719036329222619,0.5612208450760912,0.30481286116547,0.1374232279081993,0.10274405889144603,0.14537463141810694,0.09540812540867853,0.10079284455791548,0.09875434428069957,superconduct
0,3,0.0970099630176692,0.23300001296926945,0.16813234461416654,0.11416158730520261,0.11956699168282173,0.1313698621699586,0.09795140221386267,0.10007594383444962,0.09678866549888074,superconduct
0,4,0.15815825950189985,0.19644939814118995,0.14148053476203445,0.13866036072551433,0.14862298855886735,0.1344907710465657,0.12334793269949249,0.12204423834816276,0.11325815883328147,superconduct
0,5,0.095570340267766,0.11986962131443704,0.13176474330179827,0.0972713356488384,0.09254506534335254,0.10057310195201456,0.09129325958492696,0.08851405021063433,0.09467477968907638,superconduct
0,6,0.08211940982214663,0.0864909858545562,0.09052296809523416,0.083551557595595,0.0837693517651025,0.10007174354293107,0.08371440458132005,0.08256837205673727,0.08685389664982826,superconduct
0,7,0.08321410142782358,0.08465401609976057,0.0939999155422864,0.08459517704802288,0.08380832574604184,0.1320501549655626,0.14672053155475565,0.08382394445156124,0.0884498041725772,superconduct
0,8,0.10494505100376787,0.10519250737133376,0.11295477089280367,0.11384034457835639,0.13711912983014957,0.11720156815923362,0.10535236401004056,0.11983318703029959,0.11420707678326456,superconduct
1,2,0.1484321180169525,0.8149744426379637,0.45545111109831315,0.16328457629390275,0.14376783848411454,0.1896056592245312,0.1928371347569148,0.14027235373197228,0.1336067929754362,superconduct
1,3,0.09723895593162842,0.2336519051548641,0.17447757756830576,0.10676589481162779,0.10909183540189744,0.12467947916148281,0.09571619484820125,0.1059437250554123,0.097555223056663,superconduct
1,4,0.08870316063505866,0.13188049131388063,0.14002408019321802,0.09504071789697796,0.09157654978745779,0.13529429522562114,0.14155760314075877,0.08978343378916816,0.08578409485703822,superconduct
1,5,0.09248545781147717,0.11518305014435419,0.11847533748471446,0.09292363777126675,0.09148799129213914,0.13045201194746525,0.14494273496230184,0.09179871231591435,0.09217195930096372,superconduct
1,6,0.10664617235032729,0.11453211830572822,0.1383107721641221,0.11106194421402449,0.10305827537291297,0.14126123483703634,0.15405696033883617,0.09701957079746262,0.0996702616294736,superconduct
1,7,0.10440455038881144,0.1058991321650169,0.12931833220988181,0.10441228070378519,0.10035778558265193,0.13869735870017283,0.13740413495996856,0.09483610845705052,0.09885403801454226,superconduct
1,8,0.08951617895440633,0.09024445991723466,0.10416524282464863,0.09065595962079784,0.08718137618955493,0.09553905202808566,0.09239948525415347,0.08083845469552803,0.08810657424003102,superconduct
2,2,0.11893572129911793,0.5070292781846708,0.30003035228206393,0.1475937403286533,0.11514970079639593,0.15755180405959593,0.10060332609847293,0.11592278972487233,0.10388491847689314,superconduct
2,3,0.08956083998714075,0.28455885628594413,0.19935753042261825,0.10511056007611944,0.0883712295141509,0.13720146475620015,0.14706320724559616,0.09030467918868557,0.08669651285197363,superconduct
2,4,0.0954204946338637,0.15452350957716318,0.1151379580794395,0.09932106388390388,0.10981141150011402,0.11716064476435453,0.09392209759269673,0.09745167269549491,0.09267445330932624,superconduct
2,5,0.09354965241817645,0.1107704264669925,0.12002693742876594,0.09279823112164565,0.09335419962264813,0.13187275887535443,0.14380565386210728,0.0938708240816862,0.08890631534124938,superconduct
2,6,0.10668654363629786,0.11095258530421068,0.11394527089946407,0.10731560534742823,0.11483241176397044,0.17704516769222473,0.18409927889485567,0.10600402523379988,0.1260796690702109,superconduct
2,7,0.10744417506160539,0.10842717460301865,0.1110294135924264,0.11849782611380381,0.1259627626106307,0.18004612431532754,0.17617229016853822,0.1240821832640315,0.12892662230605148,superconduct
2,8,0.08531201522496032,0.08560561754480547,0.09510032264772553,0.08267227430821063,0.08531525325687488,0.12198862283292004,0.09000174165018555,0.08418975714422922,0.08807827177686914,superconduct
3,2,0.10675353590220978,0.503920784436495,0.2769939985133104,0.13882576068178473,0.115689907324336,0.15849823084769438,0.15860745966886441,0.11146557887002603,0.11473123666022297,superconduct
3,3,0.10890746757059408,0.26209640764110886,0.2023265228058923,0.1201568647027563,0.1212872597512186,0.15857699909795292,0.15748469442786533,0.11486124363180028,0.11386567602098423,superconduct
3,4,0.08501222229097033,0.1418016415870036,0.1261249805345227,0.09087608479963175,0.08080386099857548,0.1012542370953323,0.08695938948007735,0.08571522974422856,0.08289081355152814,superconduct
3,5,0.09461237615220901,0.10821296792915633,0.1098329491064171,0.09529955650008662,0.09283582634662327,0.1280584795558003,0.1394596454543609,0.0971084819106823,0.09180480674840505,superconduct
3,6,0.08416428417977459,0.08892768107522413,0.0952919299186974,0.08326266706400713,0.08628321435124446,0.10513458028435704,0.08037202303119767,0.08503960364169491,0.08144474245696873,superconduct
3,7,0.09132671425297086,0.09263974676826307,0.09824501693193963,0.09315072503214808,0.10248732134590248,0.13046592097003556,0.09777297806405623,0.09867703226422338,0.09933346824802673,superconduct
3,8,0.08328883601215609,0.08351303112679428,0.0937282116933013,0.08442901477580612,0.08342232228160887,0.1435863813529174,0.14375906356966445,0.08757835803964337,0.09209363753085623,superconduct
4,2,0.13066663818625618,0.8004433958024224,0.4908959709190051,0.15005108075462936,0.12821864367544866,0.16801274998853089,0.1116478844052728,0.11829647797515941,0.11540111685445638,superconduct
4,3,0.09963061978684405,0.24880412387223366,0.17720948791624427,0.11041498996885761,0.1020127073033055,0.1497122347964357,0.15341081946013108,0.099645361354958,0.10007600742529196,superconduct
4,4,0.10893226198044,0.1671352264081018,0.16355528231737584,0.10919403535081067,0.09788917625007927,0.13679952983717047,0.09371192001682867,0.0979481209898093,0.09317132732214621,superconduct
4,5,0.10207397032885204,0.11423676104202643,0.11733086177504015,0.10484736804192991,0.10722790414275707,0.1652202335028799,0.1594322925786186,0.10935902339337829,0.10704637030961314,superconduct
4,6,0.10600677885882112,0.10919596120194693,0.11175396012361431,0.10769823104800542,0.12456993236589955,0.1553556867258842,0.10196508166708926,0.12120501790058742,0.10715666468638703,superconduct
4,7,0.09331298256840771,0.09517511191010909,0.10449177632998563,0.09036070688709831,0.08495339327012458,0.11220666537992652,0.08328712538213409,0.0862389300285619,0.08152317904511133,superconduct
4,8,0.09274935588815848,0.09279847707914402,0.10434270882396957,0.0920491822495344,0.09252989827518292,0.13931270118063202,0.15572921651525093,0.08776617620126614,0.09813669638174087,superconduct
5,2,0.12469917802578383,0.5292659052072421,0.2975622033974265,0.15033507250139816,0.118006845097304,0.15998658946550942,0.15461422564626176,0.1239746072713066,0.11383297924664526,superconduct
5,3,0.0884499941678608,0.2755087471854708,0.19174759468912855,0.10194321337142295,0.08763868665555488,0.1335814814521547,0.14465469899792766,0.08555269149159461,0.08451975095291235,superconduct
5,4,0.09216333889977672,0.1331535064642701,0.12728188886745445,0.0972899165408521,0.09914355660953061,0.13623278780484238,0.138043852355879,0.0957151524654096,0.0936807133027982,superconduct
5,5,0.1208261974073727,0.15315966938540115,0.17186066486379675,0.12052498582736859,0.1079244111644049,0.10989119061679739,0.09131538234171728,0.09905695456956672,0.09031735281939339,superconduct
5,6,0.08262602712287948,0.08742644371368971,0.0964560770820004,0.08319580625461902,0.08201912625637997,0.13083230964360096,0.14153393901103886,0.08427204100983485,0.0864679434932494,superconduct
5,7,0.12432569923043683,0.12495705216356054,0.1310761611840194,0.12525775851681825,0.27926500778343966,0.20178264386212338,0.22059416868997844,0.17165510860025224,0.154882861586178,superconduct
5,8,0.08606511742177907,0.08650689979172857,0.09570832638179551,0.08677263001788076,0.0857638343586586,0.09439934096299107,0.08764526768080774,0.0857223414952921,0.08817726769587296,superconduct
6,2,0.08482671055518196,0.5617235889042015,0.346721063741921,0.12858104359714637,0.08919953783556323,0.12972724013824888,0.08963445715113157,0.08584979773389498,0.08375194816617289,superconduct
6,3,0.08973952358013344,0.2682755631620667,0.19292889538988028,0.09907208859667122,0.08563173370613877,0.13009446869494717,0.14182973834069662,0.08613835029536854,0.0823731241302619,superconduct
6,4,0.11232634212356056,0.16555565195500518,0.14058637450695693,0.11626318504979063,0.11350967386353976,0.16122760524808916,0.17679481371853717,0.10846269337857575,0.20843924023758836,superconduct
6,5,0.09992955635876992,0.11316632186747426,0.11600141125210721,0.1053041110061766,0.11240899511202071,0.15864625186522435,0.16104691457825107,0.10820338919156172,0.1084645615835838,superconduct
6,6,0.08754904514575809,0.09268288409734578,0.10208807124085173,0.09145922230638777,0.09177460356971573,0.10678149011698272,0.09681418198845618,0.09243856931844832,0.0942215956829707,superconduct
6,7,0.09645799392190593,0.09726934180430626,0.10526244680000026,0.10175645786118417,0.10766466258894922,0.1760899749173618,0.16827513529946475,0.11436973120537856,0.1405616168192971,superconduct
6,8,0.10080674925531422,0.10102043917183487,0.10847667059998078,0.10106956578435042,0.11882735511068909,0.1959621320259483,0.18410272626754112,0.11453119389274535,0.13558101243449044,superconduct
7,2,0.098637306764174,0.5398208023802213,0.2857623261016081,0.13924659624531424,0.10135153353193715,0.15320220677154683,0.14825377101215584,0.10151853751432256,0.09650514460894659,superconduct
7,3,0.08910489606958646,0.2679069211172378,0.20330064966726824,0.10480133047300003,0.0871002291966065,0.13447876850088286,0.1446733932565514,0.0868815807249013,0.08882564649958267,superconduct
7,4,0.09613468785058046,0.1347155902842881,0.13497712276602053,0.09745159172247543,0.09231509508510281,0.11290376490557234,0.10120196611730048,0.08974799093762956,0.08948004780446776,superconduct
7,5,0.07880079733611847,0.09583854135570988,0.09466548331479045,0.0885316653605139,0.07989984725033586,0.0987006237665328,0.08502901084378686,0.08207726100808935,0.08262474461191549,superconduct
7,6,0.0837900668074486,0.08734834549318557,0.09388940181199676,0.08158971211010149,0.083043009320767,0.10107407706467815,0.0838028805528986,0.07996025582679597,0.08552351853885573,superconduct
7,7,0.12861315410529423,0.129999109738342,0.16483924119760662,0.1257596795830656,0.12157771175124625,0.15097256054595,0.09792934461524158,0.1072906919285956,0.09817507929606907,superconduct
7,8,0.09509869106524783,0.09574889453771683,0.11213431321563853,0.10103444962981427,0.10017538669601297,0.1096333317136775,0.0929220411344431,0.08816317081834897,0.09778138739262321,superconduct
8,2,0.09799838707344054,0.5266465479973703,0.2771327950758859,0.13721100587452592,0.10075797276461822,0.14480812020825823,0.09715502902160067,0.10058471887331341,0.09413492417798427,superconduct
8,3,0.12777778856620628,0.24830122199731272,0.19353301756713975,0.138216530423447,0.20125444990801897,0.1600748153869062,0.16536258615224672,0.14506592458278375,0.11012079128516176,superconduct
8,4,0.08714214122292636,0.1348220944397754,0.12816282641313803,0.09192944387220499,0.08702044681139176,0.13470594374093167,0.14083904802648567,0.09326991527067383,0.08853298338089026,superconduct
8,5,0.09441146838670483,0.10658095527837488,0.11301602925694379,0.09665497849654292,0.09450078299406037,0.12880045853158018,0.13686196038581647,0.09363616557161811,0.09669511308482678,superconduct
8,6,0.11439779557232906,0.11741631881005181,0.11893005405333543,0.12165025257478082,0.1563969287596752,0.1807293010409921,0.17791447183185746,0.17560168698512235,0.12778162364847953,superconduct
8,7,0.10285982738920103,0.10483825084109624,0.12410398599184938,0.10426259038983565,0.10080137810847882,0.14399769752875297,0.1458958175293553,0.08845782145405842,0.09218157892772813,superconduct
8,8,0.106935768816894,0.10750426255741755,0.1362415144055643,0.1127549435190089,0.10107854779070129,0.11606042247662755,0.0943914548726752,0.09491387714549675,0.0931551349602694,superconduct
9,2,0.08726890349199114,0.5151237902697176,0.3578333898899419,0.1310202656587695,0.09002107079106599,0.13461099299670687,0.1398574408373165,0.08877579369445274,0.08624000652001564,superconduct
9,3,0.13470405166804347,0.3897163508884499,0.3126297039014068,0.1372597714721718,0.13548917906386226,0.17360358449137384,0.17675225044299353,0.12555097361259598,0.11525587441591431,superconduct
9,4,0.08593301140490968,0.12389251490000301,0.12145222506951536,0.09263374154586067,0.08825028676827269,0.10946880204719486,0.084805379539509,0.08478216904468885,0.08873086554196878,superconduct
9,5,0.10815902882159738,0.12059492488282127,0.11710672397508885,0.10415821782765249,0.11219834992114233,0.166510064552045,0.16263834770412783,0.1109375494299456,0.11157592202071098,superconduct
9,6,0.13495913006721388,0.13999170433346397,0.14655610814635803,0.14080459198243364,0.129617227049654,0.12865045364357197,0.11546972405254452,0.1395590634701554,0.11596026868038971,superconduct
9,7,0.20832167559796394,0.20882684120579675,0.2233806517344954,0.17316281646079215,0.30495014877113347,0.2877589895396822,0.28549807940965843,0.2013942027574076,0.1551098597263369,superconduct
9,8,0.11297285651705935,0.11337433669250456,0.11987802376559767,0.1150883349103798,0.12562795658458897,0.19074149908333574,0.19334979382727072,0.1306693033260457,0.16443851508665827,superconduct
10,2,0.09352472809157056,0.6238647020873888,0.3919697929776328,0.13440431797164762,0.09933447804822418,0.137611157318358,0.093073834979441,0.09928699164404806,0.09355481713736316,superconduct
10,3,0.10877132428508687,0.28694125896128,0.23422598402865008,0.11328548857161551,0.10102437665987318,0.15064149082857453,0.1503715163630926,0.10380708998863526,0.09894412592505375,superconduct
10,4,0.13053273564231963,0.21139668737784684,0.20487240869004056,0.12757218521197927,0.12017637410557222,0.14113013742025937,0.09497018863433307,0.10708618203917623,0.10318311532644334,superconduct
10,5,0.11131743624094212,0.12135209149324935,0.1173551250386106,0.11080717393197115,0.12263473113998766,0.14308522753143568,0.09980971978237739,0.1115188090678523,0.10870069950367045,superconduct
10,6,0.10526225302481387,0.10900715016845527,0.11575413318522106,0.09959777795832928,0.09734585714279945,0.14104673139586602,0.14806050437653215,0.09969641331802392,0.11096408155007173,superconduct
10,7,0.08223269175984618,0.08349754291018194,0.09133584657273086,0.08323812169426885,0.08588940002270695,0.1192857540424858,0.09190215598586396,0.0819493630538037,0.08769923395388206,superconduct
10,8,0.09947991406832653,0.0997006739763652,0.10489515464150287,0.1060113111579352,0.11725189931663298,0.20363526101744567,0.18745958761120324,0.1168838748893262,0.1471338861224734,superconduct
11,2,0.09539519210126904,0.5094645300003535,0.2837423670468578,0.1378598459071808,0.10438697433427849,0.1483170389594948,0.09782320006599864,0.10858524597989501,0.1072508004644666,superconduct
11,3,0.08296267453560548,0.26248334033674936,0.17269161300432373,0.09963543058085415,0.08567090438103628,0.10562733432675213,0.0827957492386785,0.08466617658542572,0.08319017722558991,superconduct
11,4,0.1017330132068737,0.18021763138651076,0.18053520787644253,0.1103608679149628,0.09691580945817642,0.11609585814260164,0.08621863829081544,0.09416618852478939,0.08761744949322955,superconduct
11,5,0.1059668092317331,0.11777320483918574,0.11734802372315345,0.10423850192250131,0.10899375899393546,0.1596756280303987,0.1720257404260337,0.11166589014533465,0.11336439708384735,superconduct
11,6,0.10770258993143211,0.11112531568334598,0.11497365221490749,0.10418130328796579,0.11247420423417623,0.1687728524968192,0.16968245678170416,0.11403745869722433,0.11585891592754596,superconduct
11,7,0.09430910962880311,0.09619948925477832,0.10688715625061267,0.09614856347085575,0.0896644027143552,0.13936192664550612,0.14825708784080818,0.08605431084870357,0.10089363863499942,superconduct
11,8,0.08985829805229402,0.09043275568812312,0.1045836015768787,0.08995735810193063,0.08572606720126175,0.13620756474282478,0.14336871034739646,0.09205102311645849,0.0970238725189119,superconduct
12,2,0.08845017113900903,0.5615537830587367,0.3312799387091004,0.130451945727691,0.09327079413718922,0.1306869383552111,0.09035046499578606,0.09470618978717964,0.08995716712327997,superconduct
12,3,0.09728832118870576,0.24677454056492182,0.16841380648753218,0.11206797938109096,0.11037538104197556,0.15762402577435264,0.15597734117798284,0.10349440092138722,0.10149409559842962,superconduct
12,4,0.09803299201679795,0.1460319118115448,0.14291134523775645,0.10038122051970699,0.10140545678612607,0.1378341762225746,0.09110418624888332,0.08904495026697126,0.09649737005409616,superconduct
12,5,0.09603980701991954,0.11166265493067087,0.10806553383385212,0.09984717225957217,0.10936277743620684,0.1254725528059198,0.09932852566091557,0.10719949971090122,0.102205160406062,superconduct
12,6,0.1040453195537659,0.10819970284013403,0.11586566374719358,0.10295548233450114,0.10840538668391453,0.16781179565073484,0.17239601100343002,0.10917313071378668,0.11850137424326553,superconduct
12,7,0.11177374584435976,0.11388511098647376,0.1443756439586115,0.11852098898551258,0.11248232944567191,0.11215002248816955,0.0899653385732295,0.1216209637275075,0.08970030142740781,superconduct
12,8,0.09478922304081014,0.09498187013531975,0.0990007694735301,0.10007616753128408,0.10283864640651319,0.18552763731739313,0.17840760972569966,0.11566307818969049,0.13424890795311722,superconduct
13,2,0.3340595142011914,0.6828147068030803,0.25579804271760886,0.14861482563223138,0.10013244232053262,0.149353231205468,0.09321457442060546,0.1016376597108319,0.09689461422933482,superconduct
13,3,0.09858990655253252,0.2438366037163445,0.17568032563636624,0.11629757387495103,0.10176483021761448,0.15196185691199976,0.15961392282385048,0.10612197379198138,0.0991479616050663,superconduct
13,4,0.12095372827504484,0.20752231113010028,0.21417679004919005,0.12273069413461006,0.11552202021977039,0.15436996190726535,0.16310279731337415,0.10214074664502674,0.09508384424124787,superconduct
13,5,0.1004790758625056,0.11535204436821749,0.11783923955141178,0.09700061208945146,0.10598940590451304,0.13021403024630507,0.1360880824970081,0.10094156050917633,0.10050681421724965,superconduct
13,6,0.1240050425081897,0.12770544650197463,0.13403007195687247,0.14527813127565686,0.2303880883586209,0.11789705945069298,0.12461329416974495,0.2621942077092278,0.12216925153590955,superconduct
13,7,0.10236529193900741,0.1034234755508163,0.10668574459165987,0.10597292344387177,0.1203931771054425,0.19065784939619543,0.18477311466875318,0.11762707712101361,0.14692369537729327,superconduct
13,8,0.08528121366192966,0.08548283518757667,0.09266262302818869,0.08663665834910177,0.09112954470192024,0.13147670613184076,0.14710297984249118,0.09081063932424188,0.10053696674363244,superconduct
14,2,0.08547590992906509,0.5561452308135546,0.3165288448977448,0.12832930745995216,0.09267860177616749,0.1333542162490844,0.08927583634401394,0.08752148945213237,0.08445647286819563,superconduct
14,3,0.09385693589745853,0.2446954083129051,0.18381772015777906,0.10783054195053406,0.1017498189446461,0.12183546620790897,0.09522398548570513,0.10228644781403569,0.0962158977382761,superconduct
14,4,0.11232550450984166,0.15173628825475183,0.14636849916457909,0.11716204068335867,0.1284405807327643,0.17077506384401414,0.1654387239099699,0.11454128781470521,0.11773620869498695,superconduct
14,5,0.2692274274290813,0.2821518553379813,0.2935300315456355,0.1954486365882022,14.858397577679716,0.21529130639083788,0.16116171998848366,0.28829497968065826,0.11368677656385387,superconduct
14,6,0.09611447333180176,0.10283717139185786,0.12639897476114767,0.09755237472161427,0.08766956261619374,0.11162232208401232,0.08873944316497616,0.0895604052847963,0.0901071022442706,superconduct
14,7,0.0990464638363953,0.1000985751743428,0.11086655143264894,0.09906618294497838,0.09504038701929586,0.13165499628932376,0.1432939133401412,0.09953399879912679,0.10358282194185231,superconduct
14,8,0.1075683174285051,0.10757890319698213,0.11114300382460518,0.11558889385367574,0.12027326330186465,0.11389286240206697,0.10546525932115716,0.11346502655925335,0.10761828545535745,superconduct
15,2,0.11148419108940284,0.541258261576021,0.33221812680199303,0.1449023319593192,0.11990558642565323,0.16155917865142005,0.164399738776881,0.11831259603803863,0.11197412633063157,superconduct
15,3,0.10083060846116172,0.2525433732771917,0.18612337179536764,0.11261378793278705,0.10073703354334126,0.15038122938850013,0.15019647925955187,0.10210049242219502,0.10083654571927206,superconduct
15,4,0.11558938637677138,0.2100046429344836,0.22906500279958192,0.12160184709766109,0.12465332650154937,0.11327867811025283,0.09438719375962934,0.10628563655430776,0.09912609115297738,superconduct
15,5,0.12597781630808155,0.15016335214022541,0.16639598465579392,0.11979832544594123,0.10842202277032327,0.129113205550033,0.10827487265102231,0.11459689167848622,0.1039093060282004,superconduct
15,6,0.08256892258582141,0.08767737935790239,0.09590088505099303,0.08571372659883786,0.08343272133463277,0.0976621686470667,0.08041192962212812,0.08123114780139393,0.0838596234344603,superconduct
15,7,0.12742865410195112,0.1287637824672,0.14538730554940066,0.12577888115911795,0.10785535471513863,0.14114072054953256,0.15543051235350394,0.10829291606924547,0.10306998877443699,superconduct
15,8,0.14178378526121374,0.14167267998324376,0.1743251916870255,0.13863614729112558,0.12297772484941075,0.11258728757623908,0.1262098402723067,0.1251590282642556,0.10229670982465473,superconduct
16,2,0.09649721080820782,0.6420026663416887,0.3961942858583129,0.13218211329624271,0.09745331696946827,0.13728980354499068,0.09521461340448102,0.09926665479947315,0.09653867405483166,superconduct
16,3,0.1441630178418777,0.37911748787223853,0.36312199099098935,0.1300732647274237,0.119873624745592,0.13779964244458823,0.1028602681465118,0.11524036455050327,0.10834497676285745,superconduct
16,4,0.08233253660762459,0.12744414400144968,0.1196625569468939,0.08895156630109444,0.08326121620827022,0.13191290728145222,0.13805963586372155,0.08507762771127193,0.08468512651435205,superconduct
16,5,0.13246446755879063,0.14112895859597135,0.1407751180423314,0.13720851649448051,0.16671467310173763,0.1895945897524464,0.19958176452337814,0.16566591254736787,0.121239171582548,superconduct
16,6,0.11654775536153458,0.12348555398913205,0.14298359674045485,0.11959787345737871,0.1099986645420465,0.1509512034957023,0.1535589238080908,0.09754902202814046,0.0955445610438747,superconduct
16,7,0.08966927699374908,0.09095939697204702,0.10281194726600965,0.09189814630252141,0.08913010028327865,0.1412184537689694,0.1527956841883304,0.08845074767048247,0.09006915024536494,superconduct
16,8,0.10575028256348822,0.10629743835204002,0.11370679875150976,0.10195870356059027,0.11896068537744742,0.1864219215890283,0.18281469558269767,0.11421750171096334,0.15269274373593572,superconduct
17,2,0.10688340507981856,0.4922774291761658,0.2445646677508621,0.14159450294614273,0.11196508289123061,0.15974912513252892,0.10570343311615833,0.11382688629057473,0.1076545193291488,superconduct
17,3,0.18527172193177696,0.2955588322078042,0.2937744430649806,0.14360676752266416,5.126418336987605,0.17127368991975395,0.20525898844455642,0.2971843283965855,0.1244747948257581,superconduct
17,4,0.09549761771854448,0.13696573384804647,0.13844423361588265,0.1000763183473335,0.10291642152074283,0.1347122623770059,0.1321881778469747,0.09695251879884911,0.08893059507450633,superconduct
17,5,0.10507649627842881,0.11709520296289526,0.11674290639553764,0.10550603801726961,0.12609605129041213,0.12490473723874478,0.09264565612778393,0.1104897177942535,0.11357503025861015,superconduct
17,6,0.10437544622896784,0.1103991723783752,0.12292724166284585,0.10227011093075436,0.0995960032957715,0.13591855542891765,0.1399990358677528,0.09986980997149227,0.09839371055748092,superconduct
17,7,0.11208421787938701,0.11336687695686976,0.11851249311584974,0.138902953819043,0.157389131291112,0.13314525973846145,0.10748275948948605,0.1433625806629767,0.15042509106672639,superconduct
17,8,0.13608947645407166,0.13640198439414447,0.14525391916497882,0.12422698723453587,0.13987269903368807,0.20279555334983498,0.2651175428921466,0.13947345770429817,0.1627942021196598,superconduct
18,2,0.09590225202127303,0.48439222723793457,0.2548242480007877,0.13362317959202777,0.11229267351890855,0.1467057469383101,0.09437441600157928,0.1011734057923176,0.10120578169178981,superconduct
18,3,0.11748444611234037,0.3883283011711147,0.32057353669558375,0.11836447531549146,0.1152977415127679,0.12289378274067794,0.09467609838431916,0.11468599189812423,0.09757450957344292,superconduct
18,4,0.21152273556217546,0.22594178956248517,0.22649098000050905,0.2869940430240924,0.19059514280079917,0.21950223127462185,0.14511640673462187,0.2271725318367209,0.15731504522674877,superconduct
18,5,0.14082574578522536,0.15857357298544442,0.17842184627729957,0.13108396885971368,0.1273215947179671,0.15842762691489254,0.15559878268498267,0.11894595862831918,0.11828656791545007,superconduct
18,6,0.10106679480728306,0.10591455960735292,0.10895788583678519,0.0966050700846073,0.1077039119239677,0.16541472981985217,0.168344474238727,0.10601153969353827,0.11416246565606661,superconduct
18,7,0.10250883351956656,0.1033061407246243,0.1084217118510209,0.09940656715839657,0.10995466266895695,0.16966977282427248,0.17239273767644428,0.11356077463544134,0.12160474924740432,superconduct
18,8,0.09962034615523671,0.1000292425002793,0.11526379761669561,0.1024057129172005,0.10516536684350708,0.135708990057944,0.1461351222262772,0.0974324125467854,0.11511012955075672,superconduct
19,2,0.09250871275709116,0.5651491748799077,0.32456618887098393,0.13146275726612652,0.09236740059637023,0.12878510325544454,0.14045808617340616,0.09215220158015759,0.09317855838521874,superconduct
19,3,0.10663204111761464,0.23120064776911234,0.16728296707288415,0.11405438694637263,0.1177031354691066,0.14974851501653624,0.10581659928977705,0.11471921181484288,0.10695170679348791,superconduct
19,4,0.10570271141922975,0.1805889846058562,0.18838495729655463,0.10845612460021473,0.10303869069149878,0.12553665256333152,0.09143013764131701,0.0988410585546208,0.08940982821000296,superconduct
19,5,0.2608876210377168,0.2699140181901919,0.26527170760913144,0.21476673818713818,0.15434616481036162,0.16014828742070883,0.15255328190293818,0.18175607180524173,0.15173032481689003,superconduct
19,6,0.08096505195751563,0.08554708881043441,0.09280720973859866,0.08251935023958243,0.08251552219769694,0.09717785077587257,0.08486116119054388,0.08152114927481088,0.08198565737351168,superconduct
19,7,0.08601653499816377,0.08718494555282896,0.10061358743970387,0.09107994204421303,0.08927750437835445,0.13164026821785438,0.14319193225203297,0.08645523477770274,0.09351971824927362,superconduct
19,8,0.14544422411332453,0.145414048577111,0.16070324882782774,0.16140658385942083,0.4329335307496983,0.3368656450252542,616.2629264605697,0.22207333878887922,0.77213476396111,superconduct
20,2,0.11602911489728067,0.7959257390952724,0.4716028921086998,0.1447290348313639,0.11939259829643345,0.16365302275619742,0.11830887505921586,0.1159622283885255,0.11248342228286404,superconduct
20,3,0.1023485914105549,0.24823078124455228,0.1756262500811477,0.11213806420290728,0.11513425471836367,0.12323733404182877,0.09582913140560881,0.1079840178485028,0.09837322745828284,superconduct
20,4,0.11261876648127592,0.1587891625719802,0.13353941684917486,0.11413124492802817,0.119604193355532,0.14626163877546786,0.10639236999798891,0.10911244375370988,0.10726527639130565,superconduct
20,5,0.08607554139555701,0.10430423941408444,0.10238998085739744,0.08462210318676246,0.08348852103055615,0.1306115814361392,0.14373582164168025,0.07959683955825095,0.08231979527866792,superconduct
20,6,0.08834599722587662,0.09255913324202134,0.10188337362487798,0.08983861433739278,0.08631763861254399,0.15288654241354804,0.1375897313303807,0.0882272122201838,0.09486543166327888,superconduct
20,7,0.09733354288755967,0.0991427978541811,0.10382386900909131,0.09864908161586802,0.10566672948189075,0.18000189769355684,0.172566815820413,0.10735927176223514,0.1315898377996157,superconduct
20,8,0.12107845913235313,0.12136140231536148,0.12726784021155357,0.12148580241482701,0.15481356721754894,0.20021740026114615,0.24035835352123658,0.15601578006548253,0.18046180623556102,superconduct
21,2,0.11551348831340227,0.4891751595471493,0.2580703269005479,0.14174287293024138,0.11835689947372026,0.15952307760701784,0.10350054251235523,0.11613095086478789,0.10523736330557283,superconduct
21,3,0.10350690147812089,0.24825872805325638,0.18028793932924808,0.12148028739166497,0.10515120108954276,0.15705445408136307,0.16254988626015426,0.10205501736251303,0.10171727250631454,superconduct
21,4,0.09573864209986124,0.1418824499007314,0.1417020570384064,0.09798322736134968,0.09065137564903121,0.11646962605060678,0.09147311028928548,0.10565385293927698,0.0924816967364784,superconduct
21,5,0.10865916775073851,0.12099455937962318,0.12061046428622346,0.10883999648366996,0.11848605281180316,0.17189859049052325,0.16807634921484238,0.10858297942082998,0.10813701460480359,superconduct
21,6,0.13979168941321615,0.14487316963427205,0.16535336214994242,0.13944675974301332,0.12446507227826202,0.11698732379728047,0.1158966570777599,0.11316915419747062,0.1216657966135672,superconduct
21,7,0.11574340824530838,0.11657780523357142,0.12312707979615556,0.11783606389619625,0.1300218287869082,0.11948258274043085,0.12111552323776238,0.1189752172247287,0.1077322218484957,superconduct
21,8,0.09631812027929457,0.09660691159626685,0.10340921554084426,0.10023297619567632,0.11544402520007942,0.17457236025092077,0.17375924298539755,0.12206798543030502,0.1556033650618594,superconduct
22,2,0.08190542399705218,0.5177009722889018,0.32253082846907677,0.12705718394409973,0.08627140331150521,0.13041378779042345,0.08734786820234999,0.08485956644632521,0.08551149294670557,superconduct
22,3,0.09528152976280953,0.2546998284373651,0.1871731939136653,0.10450318276005628,0.0913585987380322,0.13186344563454278,0.13550490992047876,0.09328053134274392,0.09174693823853668,superconduct
22,4,0.0844514764807707,0.14021278569639165,0.12921894781277785,0.09118702843415492,0.08595880062511077,0.10535018384004662,0.08198705575298787,0.08301985318197261,0.0797641352140892,superconduct
22,5,0.11733876471407709,0.12681482940131575,0.12623429090770727,0.12071337764945753,0.14264555003302276,0.12881290242760712,0.10668584649204545,0.13506667185574767,0.10826350890360219,superconduct
22,6,0.10098238532047935,0.10472237026346294,0.10644605996374805,0.10193170823280091,0.11230590637629463,0.12528385514366053,0.09418193841736541,0.10555802384213375,0.09902366934590695,superconduct
22,7,0.09490492072586404,0.09584246470305298,0.10345840078148547,0.09376129088580934,0.10494363107992441,0.13280481179313292,0.1371271110139787,0.10410305872313017,0.09817713829072408,superconduct
22,8,0.09425041503067508,0.09452892144429767,0.10479622636442343,0.09803098860771994,0.10850294019807782,0.13959236219114454,0.13782812928548077,0.11451211085351291,0.09998200464555443,superconduct
23,2,0.11334769601303643,0.5086905012783759,0.27350359345539743,0.14012769299682554,0.10705411931335482,0.15593367675319308,0.10101235854466825,0.1110714779262814,0.10109083657289908,superconduct
23,3,0.09147426119375532,0.2512941021362648,0.172964696143069,0.10718216620700646,0.09905434183242234,0.1225321869112496,0.09417619643157674,0.10169383151018438,0.09571294899112266,superconduct
23,4,0.1008816273300908,0.1605899300302981,0.15614649229819935,0.09575784231522391,0.08466697054476856,0.131098994638716,0.13958297325161226,0.08605075324132268,0.08852407583446402,superconduct
23,5,0.10745824998902043,0.1361330063506851,0.14848418990287052,0.1107478315092842,0.10152517118189919,0.13600044789765137,0.1500456664944067,0.09984449217547932,0.08998491237734388,superconduct
23,6,0.10110789601184314,0.10533474480308698,0.1111052395522539,0.09965420137296481,0.0956548026995733,0.1314994325231322,0.13641172746634656,0.09716013214578301,0.10606489254517806,superconduct
23,7,0.10303158403702954,0.10476133656578461,0.11257493203293582,0.10427603061064414,0.11141293871709526,0.16903238472912238,0.17823229462442475,0.11027058469515072,0.12788292226682907,superconduct
23,8,0.14917412139338385,0.14934432927710822,0.16791185149375126,0.14833143242662222,0.13059007495449965,0.1680759887087761,0.1910412783885155,0.14472725336741216,0.12385727148092185,superconduct
24,2,0.09111783154829237,0.5241467410725924,0.32416105239022086,0.13301711576059455,0.09221144524087906,0.1325178247547763,0.08943941007121738,0.09307844428660564,0.08937722063616517,superconduct
24,3,0.11104206056744952,0.34447364368243144,0.28207204725237234,0.11530834738137744,0.11236911731881687,0.14802174744168842,0.16227523483377054,0.10776536534540351,0.09834034631357469,superconduct
24,4,0.11170442790642157,0.16870340803391573,0.18585209323997223,0.10659732247209722,0.10555393086979162,0.1383018873631954,0.10079157666631913,0.09906239519854455,0.09846959739635858,superconduct
24,5,0.09992634127642407,0.11331574970185206,0.1158721577554174,0.10407019920975842,0.10967163309550787,0.16226752624600466,0.16424777178805977,0.10391307876664484,0.1108355621601838,superconduct
24,6,0.08322455742026622,0.08741783690570355,0.09557258965488628,0.08707060320679479,0.08470995170064266,0.10576381908407814,0.0836275676665964,0.08452286272282325,0.08691335740081471,superconduct
24,7,0.11289923919556548,0.11394974314881594,0.11482473011813396,0.11501123070004667,0.14093890499789266,0.1808464062728864,0.20173832247965034,0.1355252460686161,0.16823528150151318,superconduct
24,8,0.09192588223788116,0.09197082676965848,0.10098784026511776,0.09083816797527315,0.09198261976365325,0.11528803247903634,0.09682954141719483,0.09118523107266377,0.09701374222264239,superconduct
25,2,0.1381548052598886,0.5147141663932844,0.2930967127466026,0.15188145834185618,0.13935001586043436,0.172850919694311,0.16130510753308255,0.12541325727395491,0.19813448210411208,superconduct
25,3,0.1358759965309325,0.4067144728347878,0.31349264137063393,0.13317085357300712,0.14037953296347572,0.16653537767364038,0.18398532852640043,0.1228869184687295,0.11203062454485058,superconduct
25,4,0.1357462431851993,0.2081183951964382,0.2403028357061831,0.12838389473720727,0.125705383089371,0.1328910125953638,0.11041567216298594,0.12291472924613008,0.10639725650167638,superconduct
25,5,0.14291292260647473,0.15361451247076993,0.14610141850597055,0.15953812282258534,0.18829093810910463,0.14337252009632612,0.11078823162516685,0.5726587115239133,0.10550262433791749,superconduct
25,6,0.09352251732968445,0.09898497359553238,0.1104537238777779,0.09378810938694238,0.09873901135767532,0.10394305185045058,0.08845846715506492,0.0936680513711454,0.09658353693838062,superconduct
25,7,0.11672617607640427,0.118035336193519,0.12411818290129299,0.11570557067718572,0.12622101279660397,0.18209796506254108,0.1871627670014277,0.1340269234812106,0.15066514278570295,superconduct
25,8,0.10232080773806525,0.10252653276547782,0.10880578497274063,0.10717312162536577,0.12148262186332,0.11326649984077766,0.09889617959612648,0.11277026750339084,0.10271936431116255,superconduct
26,2,0.12946754631805504,0.8546013119260726,0.5045055603909799,0.15471423299133996,0.1337175363263882,0.1735135887913844,0.12453093703507498,0.12599695983123688,0.11512374743709664,superconduct
26,3,0.09947174488539419,0.24948618314023513,0.1747117884251672,0.11394260044839669,0.10477254943209971,0.157155484015889,0.15113438065437707,0.10258135097032847,0.10471991114660764,superconduct
26,4,0.12174843522747428,0.16452517353053037,0.13897623924045435,0.11822573200881699,0.1311437337275813,0.1509926196215126,0.10364293124704782,0.12835184673723926,0.11643898330204294,superconduct
26,5,0.15388755182297348,0.1706833917798255,0.17661279318032458,0.2470042410197065,0.17726697187788562,0.18553025240955104,0.18707625357954594,0.1733547724810812,0.23084318872869886,superconduct
26,6,0.09239647656076529,0.09910123315982186,0.11530378507655659,0.09202207462821042,0.08708388380884355,0.13272000227794595,0.14617653567795913,0.0871949156883227,0.09272156572243304,superconduct
26,7,0.09987671637209128,0.10122135744074026,0.10764195725855905,0.0969910568235825,0.11192477578160294,0.10239814317798897,0.09429653639124483,0.10809652064173643,0.09588545721592652,superconduct
26,8,0.09151756415581874,0.09189607016810704,0.09667732772855633,0.09159732811796639,0.1116393757764907,0.11386334410361831,0.091298343052211,0.09882435946732153,0.09438816334518106,superconduct
27,2,0.08734027846469813,0.5671758392086143,0.36418294940787527,0.12821444934576418,0.08713219691245976,0.13312093005036277,0.13868314749903643,0.08838959500101144,0.08636848145328896,superconduct
27,3,0.11401717577211774,0.2432433279655764,0.1854326577035381,0.12052236441111955,0.12811157146249622,0.16261301331961633,0.16789246442152514,0.11513536620665996,0.10996629340053694,superconduct
27,4,0.10218659790424515,0.15897780463839056,0.12635751547675356,0.10481737786013737,0.10666870649027468,0.15898454886422872,0.15383624924237232,0.1016759551938294,0.10541022137245706,superconduct
27,5,0.10423518835484757,0.12054973564672225,0.11933705892742555,0.10481201920672042,0.1207611841450938,0.16546677530414475,0.1625272435820935,0.11598433994975703,0.11805209756746664,superconduct
27,6,0.1317447472418494,0.13432970703305563,0.1380756889497313,0.12955048396799929,0.23533484940827987,0.18451650719678794,0.27914850445573813,0.26092771224896694,0.16724941016941822,superconduct
27,7,0.10946094528224096,0.11080554649096855,0.1154916453777867,0.11695311352583193,0.14006794187212906,0.11417161925997144,0.1109598001615856,0.13311933860908642,0.11395792578867467,superconduct
27,8,0.10597557408926894,0.10609392677981622,0.11048564036267201,0.10869935479645121,0.11608258443062794,0.19418765146778344,0.18656463448286928,0.11742666406515874,0.14804655787781534,superconduct
28,2,0.12948607005288493,0.9091126358437845,0.5137281819684978,0.15177702910595514,0.12351949141799086,0.1636154077803332,0.11034572275547198,0.12262983154094612,0.11393150876358368,superconduct
28,3,0.16015871207175003,0.2669136399964747,0.23202646362923957,0.14771816502325233,0.21029239720390996,0.17351761516731448,0.17213427626308705,0.1714475902358946,0.10749709575765706,superconduct
28,4,0.09955863668446367,0.1605626699131201,0.12576912950436744,0.10553143495173352,0.110186276727986,0.12104133063009663,0.1192793967955581,0.10908175825607028,0.09897816561039201,superconduct
28,5,0.10732609888073052,0.12073343136786097,0.11934561369502365,0.11018464119474891,0.1182095949825666,0.17607064090450014,0.16848488696029076,0.10481283675523143,0.1213129421956289,superconduct
28,6,0.11545138830209475,0.11917296150041852,0.12176870109431222,0.10923931993379747,0.16131207385675647,0.12880844854722345,0.10359570230014944,0.13818839635727373,0.11854247272370708,superconduct
28,7,0.08130360134082895,0.08292845869128697,0.08995659577502754,0.08471027624601604,0.08281500472495437,0.11114743516664016,0.08784451714223794,0.08255015870912326,0.08716621135416272,superconduct
28,8,0.10119685492724835,0.10161356802016275,0.12055773031897836,0.10082697577582778,0.09140637491500989,0.1417688141261939,0.14558469888151565,0.09871381526840299,0.10033805454971592,superconduct
29,2,0.08595427568070586,0.5485017484136144,0.31435112213263944,0.1286142471260117,0.09144273725687521,0.13168028130517886,0.08816706242642416,0.08590463814804983,0.08742168559521597,superconduct
29,3,0.12782131029251848,0.27877817906384517,0.21325700476299966,0.12939179468050815,0.16278468252241826,0.14989494920489102,0.12438280557295958,0.12077625215820527,0.14298869179945214,superconduct
29,4,0.1355877767207429,0.17700210312956613,0.16469900172395519,0.1250034739140092,0.14997005620697398,0.20927215668044105,0.18094230398727468,0.15316576337003532,0.14047227156458092,superconduct
29,5,0.0825618615278097,0.09831556236056388,0.10174476229311784,0.08437254520934344,0.08536746255396038,0.09523230236475626,0.08069815093665104,0.08302908720866334,0.08447695814572982,superconduct
29,6,0.1145807506749406,0.11884899600819845,0.12207691879970402,0.108510949318845,0.12265642306164781,0.17992039842887173,0.17419882327153835,0.11085711869082464,0.13285141145426996,superconduct
29,7,0.3760128126671428,0.376451721591601,0.3872407246942577,0.18018763835733642,0.2715816580704139,0.24625239429091486,0.41554550766013565,0.20832037561956568,0.3304252367959741,superconduct
29,8,0.10713871525436199,0.10776082282639377,0.13215814564746853,0.11044485218932518,0.09676324331187915,0.1553401616196531,0.14766680842320265,0.10417981339098115,0.10451693076037742,superconduct
30,2,0.0923352454706807,0.5340496951495023,0.32408735006910694,0.13269223059691923,0.09230531685615832,0.13260313103194618,0.0965461394434575,0.09119587833650733,0.08845161124653014,superconduct
30,3,0.09281630431959292,0.24292537981630574,0.16966520023039153,0.10766245103578136,0.09839582652031603,0.12401444673510813,0.09140073264408029,0.09461482948527722,0.09593480110599874,superconduct
30,4,0.09585258662152812,0.15690530512947584,0.12131263772847456,0.23076939984799966,0.10156732692643451,0.11596037574995796,0.09417553542195542,0.10255839223083214,0.09503910044030117,superconduct
30,5,0.0879391763660618,0.1045243212871034,0.11052384510369255,0.08796877690234821,0.08969447836690743,0.1312251281116486,0.14249251230058313,0.08565391088315447,0.08895253759932097,superconduct
30,6,0.07985144365195398,0.08511999628664099,0.0905514182796811,0.08374175844262076,0.08640665296903423,0.0996571033768465,0.08480700158021026,0.08593524817671787,0.08152944048839234,superconduct
30,7,0.14618939997847463,0.14695696302360903,0.15042612806702138,0.15045971594586524,0.1442788664347437,0.24475663162165265,0.2918057555990184,0.1708477576016722,0.20059525236103898,superconduct
30,8,0.0877271562670905,0.08799294460092338,0.09745987033067433,0.08188536821946717,0.08578849552637507,0.1076350385047536,0.0956409061551847,0.08280379070338843,0.08854399220298917,superconduct
31,2,0.09309949417502669,0.5245262595331843,0.3407513237051556,0.13373923580066355,0.09503968418575819,0.12832297202035342,0.1430741349680294,0.09235824207391805,0.08891452913624505,superconduct
31,3,0.08693665440968124,0.2818161910098484,0.19871978338753032,0.099288533469799,0.08828077824539776,0.14279467452947484,0.1438650986193405,0.08733644113458197,0.08297084619647216,superconduct
31,4,0.12120660464142392,0.18895321916651853,0.20575086416895774,0.12412248229375104,0.11897331620703502,0.19399343463592228,0.14944984690998403,0.11801446438219174,0.11513145310557718,superconduct
31,5,0.10079972107538619,0.1178790208678144,0.13175448208280344,0.09682332200874734,0.0915664255550569,0.10915271652355676,0.09738327223971918,0.088578060805551,0.10351601418943195,superconduct
31,6,0.11084015713730715,0.11343371069798351,0.11534253796562548,0.11174619503264475,0.15557610312586317,0.11878635759246255,0.10509833647759956,0.13450198954738232,0.11096507460015877,superconduct
31,7,0.0974003588499994,0.098606452382827,0.10591770611456866,0.09900496386416144,0.10763154076960153,0.17005500267602172,0.16559788592789754,0.10582781062420343,0.14501406558487998,superconduct
31,8,0.10084592207567762,0.10117568883853137,0.10785487404038359,0.09981320757994096,0.10985268153633698,0.17820869665866823,0.1800195593277321,0.11953578763230535,0.15815356349682103,superconduct
32,2,0.08419823583372973,0.525632781162858,0.3059314218524377,0.12834182926590604,0.08829710435409861,0.1329950168194687,0.0882005155928816,0.08717205806820211,0.0856692501357482,superconduct
32,3,0.10640347895130293,0.2498852905700914,0.18942003054681286,0.11789062409524746,0.11096747138893556,0.14866358389639675,0.15533674324260036,0.10185088078381818,0.10277959729531119,superconduct
32,4,0.10883667948929696,0.19528096077881532,0.20748120707610399,0.10640908260007986,0.11278773180811716,0.1485296098638654,0.15701437695362766,0.10073484688216594,0.09690925055868263,superconduct
32,5,0.09261509759337909,0.10771449042333506,0.10728581843774432,0.09429506669574249,0.10643097734736165,0.10171381448436634,0.09264772460549409,0.09740534438751633,0.09262735050596183,superconduct
32,6,0.10484057714861321,0.10830360527205111,0.11200790173606942,0.10965709075715173,0.11776449248906877,0.1808367515174562,0.17535956094781044,0.12053732513176166,0.12797692799255905,superconduct
32,7,0.09601219587493684,0.09713717631256094,0.1008041058639612,0.10459654462208748,0.10909509026883715,0.16978785530253143,0.16441918529350966,0.11138568521915546,0.11823053067372014,superconduct
32,8,0.10143714803407951,0.10169418702751173,0.10890956984230257,0.09776482426917506,0.10705186603179964,0.1920834157561116,0.1867288224358002,0.11225888584877415,0.15425627158324723,superconduct
33,2,0.10949330997160248,0.5203733317601933,0.28771423226742837,0.14225891370545413,0.11460005707271832,0.16243938620284415,0.15985302586546712,0.1092290631625527,0.11133563944330324,superconduct
33,3,0.1155346443328787,0.25753362963784154,0.1941683400114176,0.11849386618157624,0.10912256277001953,0.15907780410762984,0.15867280242553744,0.10246350799468067,0.4663699986289857,superconduct
33,4,0.1250187962726854,0.16098480780389815,0.14149052116965105,0.12767074938644377,0.18385787071961468,0.17742002723081143,0.17414382036967088,0.12629553839043875,0.11740780056399454,superconduct
33,5,0.09905274505247631,0.11233273508123062,0.11684655167217199,0.09400965881410653,0.09517511982772056,0.13960886604549796,0.1378328599446617,0.09947943413657517,0.09191936999970277,superconduct
33,6,0.09847484855974253,0.1026973678504445,0.10497192338704786,0.0995546117014087,0.10573386773946417,0.16077428390819795,0.16476793749778362,0.10196931557866795,0.11926974039113913,superconduct
33,7,0.08718292804688263,0.0884136731126893,0.10186461716554782,0.08490477995501881,0.08328209036399659,0.09844782226753199,0.08990904229542454,0.08089169553097551,0.08198879557278223,superconduct
33,8,0.09828327522161139,0.09836567809106778,0.10900658568545404,0.09262859717264824,0.10470582990605819,0.13446586527656212,0.16540048748172598,0.10289225405054711,0.10059673268046665,superconduct
34,2,0.1492145951631862,0.5104375319719753,0.2763950769419727,0.15644556979977467,0.12314162039239065,0.15180587670252216,0.10349757165702822,0.12867381367216096,0.10290486495120117,superconduct
34,3,0.09337086018332386,0.2814151595791747,0.21971771084456973,0.10988966411883556,0.0926378799595541,0.13299429017899772,0.1482290165930274,0.08864391618339779,0.0882738357272875,superconduct
34,4,0.08941756369107781,0.1295943587361013,0.13015556775499132,0.09631974461508966,0.09275413839872373,0.1201080554130706,0.09158696621341408,0.09297312304911692,0.09001994823680856,superconduct
34,5,0.12262363845537247,0.14769681617343683,0.18144499415613924,0.11793064161833808,0.12964619171860461,0.14944583240704717,0.15568775167579157,0.11444494382423506,0.1164963761467815,superconduct
34,6,0.10452182202408197,0.1084755911450723,0.11227043023510996,0.10572763016406332,0.12254439730005444,0.11993403826388252,0.10911150030545229,0.11553498243173473,0.11519848708857723,superconduct
34,7,0.0892713967039633,0.09004290269975383,0.09596615214284288,0.08970555499374096,0.0922324966248946,0.1080655700205277,0.10629893631592172,0.0917753188477089,0.10650432342286767,superconduct
34,8,0.0942148444366038,0.0944882408407626,0.10394247237880545,0.09618566176128186,0.0967881796915796,0.11202236831270376,0.11364773940089538,0.08764937796273867,0.0976756694781429,superconduct
35,2,0.11286404490443488,0.5245348072336877,0.28501557454412035,0.14290970397551594,0.11557614827213585,0.16614957011975892,0.15403831685783667,0.1138960979029755,0.10951109118485709,superconduct
35,3,0.091615623794496,0.286794396511772,0.19882458485389015,0.1044455612181028,0.09310534451197938,0.11524009355378115,0.09005834411706445,0.09453651658190847,0.0859839619205826,superconduct
35,4,0.08972671801662617,0.13050816809580496,0.1291261904735994,0.0938008265508174,0.09568756223204267,0.11119985891718358,0.0898859750856097,0.08936400364344828,0.08876094137085598,superconduct
35,5,0.0829370860171312,0.09636484001941208,0.09925358068088395,0.08729885929359996,0.08531326110789768,0.09767577350516252,0.08553411852369792,0.08678099235711505,0.08989540009677188,superconduct
35,6,0.08416690915028614,0.08863588023437731,0.09876203510417217,0.08637970901190244,0.08441192783374225,0.13184750166666853,0.14147748565027377,0.08211228727321959,0.09099207855932245,superconduct
35,7,0.10028139636167047,0.10171142751796114,0.11073252892135366,0.09951141347478631,0.12041836741024295,0.142597992603174,0.141350533350316,0.09835915575283302,0.11923053586677479,superconduct
35,8,0.09858018282718733,0.09877569696605748,0.10717405547004408,0.10127212520866816,0.10405880759251025,0.1397813463782179,0.13940703751902805,0.10371530208366864,0.11697771009126237,superconduct
36,2,0.19761270040591408,0.5150081122170805,0.3437652713509605,0.22452745844253935,0.14492045995806724,0.26318778657107883,7.2706506082240265,0.2761604219442233,0.1198519067071816,superconduct
36,3,0.09923805287518697,0.269141902621178,0.19011997587581653,0.11015955257051455,0.10807378645849355,0.12802883865352824,0.09251386304591393,0.10225698035415806,0.0937479379744378,superconduct
36,4,0.11302712046650835,0.16731304404983185,0.1427403308533351,0.11799850598771996,0.10970296335118981,0.16260955638170022,0.16125027274384213,0.10198100285385456,0.19703326641636731,superconduct
36,5,0.09970733269651909,0.11750585992122065,0.12602660363156565,0.09728660573292629,0.09625676222802956,0.13509048063527132,0.13458227958489097,0.1013299528345027,0.099865044621915,superconduct
36,6,0.08272863478666878,0.08860691869357486,0.09509114663643922,0.08333529517061401,0.08312715279513638,0.10599062036558542,0.0805603408490937,0.08247830597478342,0.08347821177038195,superconduct
36,7,0.09930701568236516,0.10054435049395949,0.10526325772756104,0.10192360008025866,0.11236231336780982,0.17637593783506683,0.1739873610293109,0.10579295625896463,0.13052139579017147,superconduct
36,8,0.10119537335875275,0.10161716436748114,0.1257126281455652,0.10435842145782179,0.09183276954572643,0.13530346434084037,0.14551154016380136,0.09272606897250033,0.10257114391527408,superconduct
37,2,0.08649414934539779,0.5143741624511997,0.347148928121554,0.1302015824448865,0.09015117951271613,0.13335019378470908,0.13689788965138547,0.08783438160111574,0.0859638257684898,superconduct
37,3,0.1050552133854259,0.24787446668453733,0.17549632123452333,0.11936209230505693,0.10847570401178122,0.15741679198930364,0.16388337214217136,0.10645987618550216,0.10442372314590846,superconduct
37,4,0.08914336058386488,0.15408892612561906,0.11026808682021076,0.09665991111987213,0.10273446579915739,0.11598289727288129,0.09025925580371058,0.0923032603521064,0.09431725247037208,superconduct
37,5,0.0991126283030847,0.12796248190707576,0.14782953818794337,0.09979379281250975,0.09594834410544371,0.09832906775203915,0.09534341459135139,0.09432058111791877,0.08734129147521927,superconduct
37,6,0.10441018142805925,0.11271106234395545,0.13678042341078464,0.1064167053575682,0.10026635056471118,0.11366919672924694,0.10454389458618067,0.10090771167511663,0.09236748467733642,superconduct
37,7,0.12322484542862233,0.12440817986258905,0.12672677996212284,0.13624923004056597,0.1681516375077669,0.19611582089051163,0.19749749166726624,0.17739467111087454,0.19892386484288554,superconduct
37,8,0.10437593011130739,0.10469249127679228,0.10947341730078568,0.10511213234653141,0.13114880629376888,0.19939593451563264,0.1955782474730821,0.12325739524436781,0.16053313521449178,superconduct
38,2,0.08696941795128886,0.5622643365100136,0.3368827319217791,0.13340082921443833,0.09068704776616542,0.13561670387725286,0.09027282887871153,0.09082018477047844,0.09060755934881262,superconduct
38,3,0.11226703149047401,0.24302572595119912,0.18287624443319678,0.12072064774932664,0.1145346360198934,0.16688451437033053,0.16109099926920056,0.11678821396164811,0.11402457343167896,superconduct
38,4,0.1017743018113405,0.1546216122237691,0.1239892020123079,0.10702930552104264,0.11503060240408072,0.14344117624671468,0.0940251343438456,0.10473937275442839,0.09862374495030102,superconduct
38,5,0.10052648908801046,0.11802144886528632,0.1207975040621343,0.10619189843042368,0.10885786805233422,0.15918016640181815,0.16178603236262187,0.10607136782423096,0.11184880965019517,superconduct
38,6,0.10307815874214554,0.10842738232150781,0.12033200612812134,0.10288745418382697,0.09995688385234264,0.12506543702569184,0.0951714590472607,0.09401831083917328,0.09527063540710297,superconduct
38,7,0.08945644980378664,0.09081494790255362,0.09392722536919305,0.09165074454949178,0.10329385971691563,0.10269418678739488,0.09197634768959899,0.09948777018512103,0.09621422718114708,superconduct
38,8,0.08773847376681204,0.08813553282251467,0.10107222816715122,0.08754635012147068,0.08388554900371027,0.12028528875363165,0.08745163996114994,0.08211306146113198,0.08703282015220094,superconduct
39,2,0.09412512334323869,0.5400962142876404,0.3330383010311326,0.1336124939330415,0.09554367490824967,0.1321899632615146,0.1470337776809602,0.09575775082373768,0.09276333553100218,superconduct
39,3,0.08502282850197786,0.27934579799390014,0.19075007199939775,0.09948858649141204,0.0850008444572963,0.13541896180866064,0.14118719816563977,0.08252233002088301,0.08277987065992091,superconduct
39,4,0.08282761687022519,0.1381302765193943,0.13214947579442243,0.09155387209201063,0.08676386699080464,0.11383825033279955,0.08241516736178546,0.08249814460355345,0.08190870140439498,superconduct
39,5,0.4098426512620576,0.4189007431816528,0.42326272873837933,0.3007743459071635,0.19022163979380444,0.20005764609052085,0.13637437142418035,0.13634304640376388,0.13787603954483257,superconduct
39,6,0.0996862918412422,0.10386884138398964,0.12016599828185619,0.09752688853700149,0.09515767877866674,0.16250520409084854,0.14756265070481114,0.09789228644495937,0.10226033497122386,superconduct
39,7,0.08604107572464269,0.08696340840405725,0.09819983111639667,0.0862705029218512,0.08718233208363761,0.1331293288275928,0.14444955816964944,0.08955362139933956,0.09576816207332095,superconduct
39,8,0.11768121278488677,0.11804579186992825,0.1376899652087184,0.12538614978685095,0.10725153824999267,0.1549049860825214,0.15949500910526904,0.10549079248654267,0.1020147643586182,superconduct
40,2,0.12521100049728853,0.7760508188347824,0.4934741989791612,0.15321423325085023,0.12723174723111746,0.16592965354896422,0.11422890757676211,0.12028655285043088,0.11641736224307402,superconduct
40,3,0.09618415650158349,0.25256814255023047,0.18513627725256163,0.10636454156312321,0.09219819889677795,0.11775654956855919,0.08835846045129819,0.09372142021996241,0.09330445584183664,superconduct
40,4,0.09739881736870085,0.15316418791326744,0.11962868390221364,0.10793398592812828,0.12186448851203102,0.12450025609406803,0.09795529879424168,0.11747626627877569,0.0966691066682174,superconduct
40,5,0.1281600609901087,0.13745527851860967,0.13729615087949615,0.13319475171293182,0.15041126368896046,0.1739724209258223,0.17518383859218478,0.14437156679204607,0.12445045694818387,superconduct
40,6,0.11834341618369382,0.12370483921429905,0.14236071511883944,0.12057061321375998,0.10425192267592882,0.12685189464622554,0.09031263677649853,0.10262807320789705,0.11260703200720905,superconduct
40,7,0.07887939903611205,0.0802703183075851,0.0892833238251863,0.08091731572571645,0.08551635495455492,0.0958868894448695,0.08510060308651773,0.08053955149268456,0.08084237012217804,superconduct
40,8,0.12850437909227735,0.1294665421605767,0.16695680045248826,0.13164295173551446,0.10790872795178605,0.12708259831552443,0.09454130596371692,0.11033732482944339,0.10873882202842433,superconduct
41,2,0.10608492312946025,0.47723267454489626,0.2548498848514795,0.14166489994112288,0.11354162712471885,0.1674967235029565,0.1029555993058773,0.11517503836657847,0.10772392085123364,superconduct
41,3,0.11518428211566056,0.2666216118411873,0.21185443379286237,0.1210529261748032,0.12606933526557812,0.16802818658487756,0.16749480160172367,0.1171372299931724,0.11324777536998117,superconduct
41,4,0.1045157404383644,0.1632767011712798,0.12672418134889615,0.10446311066283238,0.11471656406133923,0.16091719822382883,0.1604615394875188,0.10201103305991951,0.10240062740288998,superconduct
41,5,0.08494078107657563,0.10222192726180172,0.10478353292530618,0.09004453583278087,0.08590110607773938,0.1314536248073529,0.14091839154990496,0.08266043063212072,0.08465780144940839,superconduct
41,6,0.13901679300127873,0.14214808407705276,0.14485891222378564,0.21857937426059776,0.15155995841932424,0.12917541110586808,0.1343877592185676,0.13604146390057656,0.14329691394917005,superconduct
41,7,0.10245325575883987,0.10376466511789814,0.10597160930937041,0.10040561565307564,0.11643363143084566,0.12253805107834251,0.10205271968905646,0.10349440831992333,0.11398133164175836,superconduct
41,8,0.12211931544931273,0.12246261981096773,0.15419783400892112,0.134568273304852,0.11006047406151667,0.11436743939240623,0.0962470324716859,0.11364264437921945,0.09128306763219259,superconduct
42,2,0.12707046501557612,0.81651877264547,0.5087006937397425,0.15130979535443814,0.12517114453538153,0.17158046208102912,0.16863476834533841,0.12043349117533683,0.11267851106548568,superconduct
42,3,0.0981842949582428,0.24925720816724656,0.20772213146419208,0.10975308661273786,0.093571426283212,0.132043223016594,0.1405638262766468,0.09486537915449038,0.09179405815529579,superconduct
42,4,0.10680005737333831,0.16482502429211948,0.13891677467481173,0.1069462469368077,0.13015985148684941,0.15994732339099482,0.15356110786224766,0.10719503263723759,0.10663113256382259,superconduct
42,5,0.09218807435827325,0.10637517149204057,0.11136627722504162,0.09425845504430228,0.101139896930031,0.11155713632983591,0.09150092053528433,0.10832977675463014,0.09473031684756275,superconduct
42,6,0.11224092204835918,0.11991183058605251,0.14135434374295391,0.11818230095292055,0.10152487536508806,0.14646852488273424,0.14895837220555058,0.1061956854578217,0.09925368567654749,superconduct
42,7,0.10797630106098946,0.10979258087463672,0.11764542668551092,0.1075400312136694,0.12577717752360243,0.12408199811504932,0.10597156278706862,0.11516440774944114,0.11124696021365435,superconduct
42,8,0.09234247143544691,0.09275862956145665,0.10910646250807018,0.09144430903663088,0.0880200421595124,0.1270986984463353,0.1378336091019103,0.08970213519231249,0.09738900746383207,superconduct
43,2,0.11780474564224916,0.5023279426701586,0.2793159995988176,0.1523751950535156,0.11416415136362257,0.15915426286211343,0.16033684179899005,0.12428154107183213,0.11263086408897134,superconduct
43,3,0.09835292431115003,0.24335282437832037,0.17790460357278143,0.11277639013167247,0.10478060572572487,0.15444059944369223,0.15373719983515052,0.09862330714925462,0.1000644247499568,superconduct
43,4,0.09750476574306098,0.16687525075668577,0.1262061087003744,0.10611830678056264,0.1062963642919545,0.1576407546670559,0.16346798204844265,0.1003149769707199,0.10169456317294931,superconduct
43,5,0.10365654748302935,0.11627628481330562,0.1145481895367779,0.10795287934803015,0.11888864156242236,0.15109041652381963,0.09931978515404108,0.11627634321339424,0.11401396155603882,superconduct
43,6,0.10038038736264052,0.10506985403104299,0.10636652709971015,0.10117871640934879,0.13333177354104592,0.11307428499943954,0.1061072691083502,0.11486116557053341,0.09891262081561278,superconduct
43,7,0.13735865924014323,0.13807292697567708,0.14180416968952422,0.1482447183978579,0.1592159448081956,0.1406224369893179,0.11997024256955169,0.33488289539647453,0.17373174763325708,superconduct
43,8,0.08160607302801075,0.08207960549625562,0.0959398615009644,0.08163312528049568,0.08664135930080456,0.13491752700236456,0.1515784063047784,0.08885883324683694,0.09344621370888914,superconduct
44,2,0.07972908838727397,0.5070388075375163,0.30614249513977587,0.12775105592924824,0.08851256467203386,0.1303714187815785,0.08471227945992718,0.0832319261040538,0.08310907209969995,superconduct
44,3,0.10459875042673525,0.23565121713395723,0.17855333934661327,0.11811839892008502,0.11316725280108475,0.1405531212838147,0.0965081053470973,0.10869948549524822,0.10532737006501784,superconduct
44,4,0.10599141005727952,0.16103195903466686,0.12367932046352717,0.11375220567261904,0.11436167444746168,0.13371299434768252,0.10315586046849864,0.11796921244274602,0.1082396633936749,superconduct
44,5,0.16053770735640732,0.17343255464151935,0.1685719461070702,0.15659669931594497,364.9304727117352,0.19720095563679932,0.9711160134825418,0.30030529304024045,0.1362909203682861,superconduct
44,6,0.11452688415301959,0.1224513038855922,0.14179887431399782,0.10705400565776094,0.1037140116835122,0.14410619493299984,0.1491154249421978,0.09682962701053302,0.09583211715250986,superconduct
44,7,0.1040663351756794,0.10504634724929925,0.1096238945419078,0.10160179017248613,0.10712921813212548,0.17284335377352197,0.17515111344400788,0.10948053912725295,0.14319495314403488,superconduct
44,8,0.09626028661492879,0.09661013705053308,0.10722130179706517,0.09517626476967153,0.09715411269571629,0.11627584075870209,0.09935351459665548,0.09434862731380714,0.09526603936409464,superconduct
45,2,0.09956162433304325,0.5905576997970724,0.35713649097665706,0.13427517712801035,0.09858991320738017,0.13116667432203777,0.14097319609512954,0.09542202524744955,0.0910112103556885,superconduct
45,3,0.10195627978811146,0.2661214545088382,0.196249776137034,0.12145256718812396,0.1149540201089728,0.1562528666875818,0.1586218142388936,0.1108636490466511,0.10461905722999394,superconduct
45,4,0.1061655249953379,0.1571822967818554,0.1243461235577021,0.11426615198416741,0.11295527390012623,0.14457100336439904,0.1021931324715671,0.1180970884955433,0.10553010139162373,superconduct
45,5,0.09774134188808277,0.11102588864057047,0.10874489001957147,0.10081173682393611,0.11040040235418605,0.11541323620921873,0.09777276861645717,0.1004476752474575,0.09731007059419741,superconduct
45,6,0.10966802273657825,0.11277210494256848,0.11481445729321631,0.11833736804478304,0.33352658163673954,0.11974146502530744,0.10306028350913783,0.1728560859994853,0.15413536132820055,superconduct
45,7,0.08251845524783297,0.0844143645759151,0.09442031429429973,0.08404094133224772,0.0805940392584649,0.11863433872811795,0.08375927611384261,0.08199941593852329,0.08160363356274658,superconduct
45,8,0.08666570871753394,0.08707989614169273,0.09796927928486285,0.08745484927066542,0.09762708516928417,0.13426801708205052,0.14731904651202693,0.09272861860500754,0.09271189709303565,superconduct
46,2,0.09343034736606673,0.4948311525903752,0.24997815716641897,0.13194686829400082,0.10285769606262496,0.14924260530730377,0.09478435462053095,0.10399686653468314,0.10212652397629637,superconduct
46,3,0.15705719875336127,0.25908605089575487,0.23451930043178004,0.22216007954386224,1.475209131156204,0.20663189240457375,0.17979137560297895,0.1567072898122098,0.13313716012464066,superconduct
46,4,0.11719886040835473,0.1684996078982401,0.13854538016706047,0.12383037756662811,0.1526408462401698,0.16624033155796278,0.16113926486851754,0.12498841659193305,0.10727321195470933,superconduct
46,5,0.11434145167004314,0.12762962730245334,0.12912975449169817,0.11093167442664062,0.1257175276891383,0.1771816754193209,0.1735789110377321,0.12026446828454292,0.1265002404887448,superconduct
46,6,0.09480648999143498,0.09946448912926233,0.10285423828309452,0.0935027690378346,0.10628940434647063,0.12839140840189747,0.0947293966905871,0.10437476002296212,0.09787987555678493,superconduct
46,7,0.09081157999291245,0.0919893381747362,0.10080563187948426,0.09044959265807201,0.08979542218491102,0.1131167432539822,0.09408722005524285,0.089149175997933,0.09669219558606577,superconduct
46,8,0.12478099313208499,0.12534125486580544,0.14153665079159988,0.11855961516198203,0.12882463747142425,0.18704611032598595,0.19747066060902876,0.1300734716994852,0.1672523251501843,superconduct
47,2,0.10486868036883497,0.5810644879690645,0.35736975115449987,0.1353600959266152,0.09978510241695292,0.14143632980310078,0.148132238070727,0.09888142892227998,0.09957515950492743,superconduct
47,3,0.1146299838334979,0.2587610806283705,0.18159728807890235,0.11636419466915811,0.11026980768861791,0.15741170671741092,0.15828253831029593,0.10323294347823211,0.11097805885159791,superconduct
47,4,0.09784351066165764,0.14995968535967058,0.14658242117764206,0.10452864397700652,0.09617276580880993,0.1346301261986167,0.135349914350766,0.09577152675894249,0.09417348701013795,superconduct
47,5,0.10463853007839881,0.1273503110497532,0.14050541995914978,0.10756520232774643,0.10131444453864409,0.12770904178785922,0.10293436519500303,0.10165475000668422,0.09843162189662344,superconduct
47,6,0.10253837170928493,0.10634903060135373,0.10829488254179627,0.10384766464943389,0.15674820087630956,0.10711720941369145,0.09808371273923991,0.13079160201801532,0.10176165615454968,superconduct
47,7,0.10108010064166803,0.10233398077680778,0.10588223798173091,0.09793617931564388,0.10949200445594369,0.1707841637626509,0.16847483898951285,0.1130690758945146,0.12467693976359437,superconduct
47,8,0.10467837924712935,0.1052995447624091,0.12127548892817949,0.10984625029446113,0.09352476826718292,0.11153262968257285,0.09389033464180739,0.09519877640653726,0.09594021306701876,superconduct
48,2,0.09187842866077138,0.4932892411426805,0.2744884714456822,0.13282977487371467,0.0999219285591286,0.14322356737479017,0.09574083290371,0.1055030603687662,0.09832298550720539,superconduct
48,3,0.10000365039347395,0.316766682018608,0.23959639193627105,0.1058310176040429,0.0888088570113348,0.11354530825320737,0.08382946997743973,0.09129770045538485,0.08708217777722675,superconduct
48,4,0.09234090181861945,0.13551665028173693,0.12049760802868092,0.10044342731810443,0.09088559058590732,0.10938078429591017,0.09223531757289649,0.08923606233643912,0.09468733564375294,superconduct
48,5,0.09913068545146785,0.11218059695092956,0.10867506826351228,0.10538711698917558,0.11269971895346634,0.11246526214047606,0.09280670795945775,0.11186072635053487,0.10549788206733539,superconduct
48,6,0.0947030956706251,0.09835675435811826,0.10821500612518689,0.09406394635203892,0.09669286088387971,0.1356392655843485,0.1383690781466772,0.09500157926505537,0.10107747595996922,superconduct
48,7,0.10980222795350363,0.11100906486732551,0.11371960283859683,0.10228869242333419,0.13275821517249017,0.13100900753976444,0.10178955315119198,0.11991135686677054,0.11467722507522382,superconduct
48,8,0.10503316507400831,0.10547745346283426,0.11088056941516693,0.10450845511616477,0.1321425204425502,0.12399775017162451,0.10161222932887641,0.13583776631036443,0.11001795338165447,superconduct
49,2,0.09539341959855789,0.4665426820256363,0.2610602972207262,0.13086239041705774,0.09989211219773786,0.14831055272302093,0.09821399053599791,0.0977980614009806,0.09810834604020993,superconduct
49,3,0.12457688283312185,0.3789227585294558,0.33539417013389,0.1268374749952379,0.12039049871621979,0.15600032739012554,0.16580013144788713,0.1177442114348249,0.10331879765452705,superconduct
49,4,0.10822719696854403,0.16989574179957234,0.14974827279391528,0.1072213332066038,0.10718181232976558,0.16009802160483286,0.1513775375760708,0.10451826353776539,0.10670059014707527,superconduct
49,5,0.0961654052665621,0.1163799868923995,0.12873466392595537,0.09683294098632515,0.0935209245612735,0.10380914800814076,0.08773209685391249,0.09104690813281405,0.09351240320966629,superconduct
49,6,0.11017296766615743,0.11386430693708136,0.11814278024933571,0.10969334020114993,0.11556192219586052,0.17977803566575265,0.1718665897764046,0.10852800978292872,0.1254065485903993,superconduct
49,7,0.0999851666774381,0.10089241534416722,0.10617689235300261,0.10151600132367625,0.11001013529295205,0.19371541040360596,0.17940004019148864,0.10757996056105608,0.13822454633328182,superconduct
49,8,0.09726998789496169,0.09784092984011612,0.11507582580807667,0.09617167855133571,0.0872309423743418,0.13045122305218895,0.1389657448086997,0.08983576815294592,0.10143033111988398,superconduct
